index,timestep,plant,availability
85,t0001,Solar 04,0.0
84,t0001,Solar 49,0.0
83,t0001,Solar 48,0.0
82,t0001,Solar 47,0.0
81,t0001,Solar 46,0.0
80,t0001,Solar 45,0.0
79,t0001,Solar 44,0.0
78,t0001,Solar 43,0.0
77,t0001,Solar 42,0.0
76,t0001,Solar 41,0.0
75,t0001,Solar 40,0.0
74,t0001,Solar 03,0.0
73,t0001,Solar 39,0.0
72,t0001,Solar 38,0.0
71,t0001,Solar 37,0.0
70,t0001,Solar 36,0.0
69,t0001,Solar 35,0.0
68,t0001,Solar 34,0.0
67,t0001,Solar 33,0.0
66,t0001,Solar 32,0.0
65,t0001,Solar 31,0.0
64,t0001,Solar 30,0.0
63,t0001,Solar 02,0.0
62,t0001,Solar 29,0.0
61,t0001,Solar 28,0.0
86,t0001,Solar 50,0.0
88,t0001,Solar 52,0.0
89,t0001,Solar 53,0.0
90,t0001,Solar 54,0.0
116,t0001,Solar 09,0.0
115,t0001,Solar 08,0.0
114,t0001,Solar 07,0.0
113,t0001,Solar 75,0.0
112,t0001,Solar 74,0.0
111,t0001,Solar 73,0.0
110,t0001,Solar 72,0.0
109,t0001,Solar 71,0.0
108,t0001,Solar 70,0.0
107,t0001,Solar 06,0.0
106,t0001,Solar 69,0.0
105,t0001,Solar 68,0.0
60,t0001,Solar 27,0.0
104,t0001,Solar 67,0.0
102,t0001,Solar 65,0.0
101,t0001,Solar 64,0.0
100,t0001,Solar 63,0.0
99,t0001,Solar 62,0.0
98,t0001,Solar 61,0.0
97,t0001,Solar 60,0.0
96,t0001,Solar 05,0.0
95,t0001,Solar 59,0.0
94,t0001,Solar 58,0.0
93,t0001,Solar 57,0.0
92,t0001,Solar 56,0.0
91,t0001,Solar 55,0.0
103,t0001,Solar 66,0.0
59,t0001,Solar 26,0.0
87,t0001,Solar 51,0.0
57,t0001,Solar 24,0.0
26,t0001,Wind 11,0.3047505456785741
25,t0001,Wind 10,0.7690002584811867
24,t0001,Hydro 43,0.03668989547038327
23,t0001,Hydro 42,0.0252014647828797
22,t0001,Hydro 41,0.0252014647828797
21,t0001,Hydro 40,0.02005055194470236
20,t0001,Hydro 35,0.2212
19,t0001,Hydro 34,0.005399778854538426
18,t0001,Hydro 33,0.005399778854538426
17,t0001,Hydro 32,0.2212
16,t0001,Hydro 31,0.2212
15,t0001,Hydro 30,0.2212
27,t0001,Wind 12,0.00843817311816357
14,t0001,Hydro 29,0.0
12,t0001,Hydro 27,0.03011519932974936
11,t0001,Hydro 26,0.03011519932974936
10,t0001,Hydro 25,0.03011519932974936
9,t0001,Hydro 24,0.0
8,t0001,Hydro 23,0.0
7,t0001,Hydro 22,0.001039306841479818
6,t0001,Hydro 21,0.001039306841479818
5,t0001,Hydro 20,0.001039306841479818
4,t0001,Hydro 19,0.004537813830115353
3,t0001,Hydro 18,0.2212
2,t0001,Hydro 17,0.2212
58,t0001,Solar 25,0.0
13,t0001,Hydro 28,0.0
28,t0001,Wind 13,0.02874773037112521
1,t0001,Hydro 16,0.2212
56,t0001,Solar 23,0.0
55,t0001,Solar 22,0.0
54,t0001,Solar 21,0.0
53,t0001,Solar 20,0.0
52,t0001,Solar 01,0.0
51,t0001,Solar 19,0.0
50,t0001,Solar 18,0.0
49,t0001,Solar 17,0.0
29,t0001,Wind 14,0.01125007428976292
47,t0001,Solar 15,0.0
46,t0001,Solar 14,0.0
45,t0001,Solar 13,0.0
44,t0001,Solar 12,0.0
43,t0001,Solar 11,0.0
48,t0001,Solar 16,0.0
41,t0001,Wind 09,0.7044021191169095
42,t0001,Solar 10,0.0
30,t0001,Wind 15,0.165053761795926
31,t0001,Wind 16,0.001990071615608549
32,t0001,Wind 17,0.06468225528194442
34,t0001,Wind 02,0.09800720043661473
33,t0001,Wind 01,0.03983783884367548
36,t0001,Wind 04,0.153947919665779
37,t0001,Wind 05,0.8201054261302689
38,t0001,Wind 06,0.03641809847207406
39,t0001,Wind 07,0.1170383565531427
40,t0001,Wind 08,0.8341857659018314
35,t0001,Wind 03,0.247726658224045
194,t0002,Solar 42,0.0
191,t0002,Solar 03,0.0
192,t0002,Solar 40,0.0
193,t0002,Solar 41,0.0
195,t0002,Solar 43,0.0
201,t0002,Solar 49,0.0
197,t0002,Solar 45,0.0
198,t0002,Solar 46,0.0
199,t0002,Solar 47,0.0
200,t0002,Solar 48,0.0
196,t0002,Solar 44,0.0
190,t0002,Solar 39,0.0
176,t0002,Solar 26,0.0
188,t0002,Solar 37,0.0
187,t0002,Solar 36,0.0
186,t0002,Solar 35,0.0
185,t0002,Solar 34,0.0
184,t0002,Solar 33,0.0
183,t0002,Solar 32,0.0
182,t0002,Solar 31,0.0
181,t0002,Solar 30,0.0
180,t0002,Solar 02,0.0
179,t0002,Solar 29,0.0
178,t0002,Solar 28,0.0
177,t0002,Solar 27,0.0
202,t0002,Solar 04,0.0
189,t0002,Solar 38,0.0
203,t0002,Solar 50,0.0
219,t0002,Solar 65,0.0
206,t0002,Solar 53,0.0
233,t0002,Solar 09,0.0
232,t0002,Solar 08,0.0
231,t0002,Solar 07,0.0
230,t0002,Solar 75,0.0
229,t0002,Solar 74,0.0
228,t0002,Solar 73,0.0
227,t0002,Solar 72,0.0
226,t0002,Solar 71,0.0
225,t0002,Solar 70,0.0
224,t0002,Solar 06,0.0
223,t0002,Solar 69,0.0
222,t0002,Solar 68,0.0
205,t0002,Solar 52,0.0
221,t0002,Solar 67,0.0
218,t0002,Solar 64,0.0
217,t0002,Solar 63,0.0
216,t0002,Solar 62,0.0
215,t0002,Solar 61,0.0
214,t0002,Solar 60,0.0
213,t0002,Solar 05,0.0
212,t0002,Solar 59,0.0
211,t0002,Solar 58,0.0
210,t0002,Solar 57,0.0
209,t0002,Solar 56,0.0
208,t0002,Solar 55,0.0
207,t0002,Solar 54,0.0
220,t0002,Solar 66,0.0
175,t0002,Solar 25,0.0
204,t0002,Solar 51,0.0
173,t0002,Solar 23,0.0
143,t0002,Wind 11,0.554709205256735
142,t0002,Wind 10,0.8242336919950419
141,t0002,Hydro 43,0.01148458858214956
140,t0002,Hydro 42,0.02666280905879908
139,t0002,Hydro 41,0.02666280905879908
138,t0002,Hydro 40,0.006276178685649437
137,t0002,Hydro 35,0.2133
136,t0002,Hydro 34,0.003281205332662106
135,t0002,Hydro 33,0.003281205332662106
134,t0002,Hydro 32,0.2133
133,t0002,Hydro 31,0.2133
132,t0002,Hydro 30,0.2133
144,t0002,Wind 12,0.03124474372116933
131,t0002,Hydro 29,0.0
129,t0002,Hydro 27,0.02903965649654402
128,t0002,Hydro 26,0.02903965649654402
127,t0002,Hydro 25,0.02903965649654402
126,t0002,Hydro 24,0.0
125,t0002,Hydro 23,0.0
124,t0002,Hydro 22,0.01793974692139938
123,t0002,Hydro 21,0.01793974692139938
122,t0002,Hydro 20,0.01793974692139938
121,t0002,Hydro 19,0.004419067299981493
120,t0002,Hydro 18,0.2133
119,t0002,Hydro 17,0.2133
118,t0002,Hydro 16,0.2133
130,t0002,Hydro 28,0.0
145,t0002,Wind 13,0.06948597878869965
146,t0002,Wind 14,0.01602772275729365
172,t0002,Solar 22,0.0
171,t0002,Solar 21,0.0
170,t0002,Solar 20,0.0
169,t0002,Solar 01,0.0
168,t0002,Solar 19,0.0
167,t0002,Solar 18,0.0
166,t0002,Solar 17,0.0
165,t0002,Solar 16,0.0
164,t0002,Solar 15,0.0
163,t0002,Solar 14,0.0
162,t0002,Solar 13,0.0
161,t0002,Solar 12,0.0
160,t0002,Solar 11,0.0
174,t0002,Solar 24,0.0
158,t0002,Wind 09,0.7808619897152048
159,t0002,Solar 10,0.0
147,t0002,Wind 15,0.1644411492186552
148,t0002,Wind 16,0.0003460510523011599
149,t0002,Wind 17,0.03978215681351906
151,t0002,Wind 02,0.2129011722128077
150,t0002,Wind 01,0.07833343828482044
153,t0002,Wind 04,0.202655421218258
154,t0002,Wind 05,0.8651116978553108
155,t0002,Wind 06,0.08335494429534565
156,t0002,Wind 07,0.2784367642179228
157,t0002,Wind 08,0.8778350919468191
152,t0002,Wind 03,0.303120437400785
313,t0003,Solar 44,0.0
310,t0003,Solar 41,0.0
311,t0003,Solar 42,0.0
312,t0003,Solar 43,0.0
314,t0003,Solar 45,0.0
319,t0003,Solar 04,0.0
316,t0003,Solar 47,0.0
317,t0003,Solar 48,0.0
318,t0003,Solar 49,0.0
309,t0003,Solar 40,0.0
315,t0003,Solar 46,0.0
308,t0003,Solar 03,0.0
302,t0003,Solar 34,0.0
306,t0003,Solar 38,0.0
305,t0003,Solar 37,0.0
304,t0003,Solar 36,0.0
303,t0003,Solar 35,0.0
320,t0003,Solar 50,0.0
301,t0003,Solar 33,0.0
300,t0003,Solar 32,0.0
299,t0003,Solar 31,0.0
298,t0003,Solar 30,0.0
297,t0003,Solar 02,0.0
296,t0003,Solar 29,0.0
295,t0003,Solar 28,0.0
294,t0003,Solar 27,0.0
307,t0003,Solar 39,0.0
321,t0003,Solar 51,0.0
327,t0003,Solar 57,0.0
323,t0003,Solar 53,0.0
293,t0003,Solar 26,0.0
349,t0003,Solar 08,0.0
348,t0003,Solar 07,0.0
347,t0003,Solar 75,0.0
346,t0003,Solar 74,0.0
345,t0003,Solar 73,0.0
344,t0003,Solar 72,0.0
343,t0003,Solar 71,0.0
342,t0003,Solar 70,0.0
341,t0003,Solar 06,0.0
340,t0003,Solar 69,0.0
339,t0003,Solar 68,0.0
322,t0003,Solar 52,0.0
338,t0003,Solar 67,0.0
336,t0003,Solar 65,0.0
350,t0003,Solar 09,0.0
334,t0003,Solar 63,0.0
333,t0003,Solar 62,0.0
332,t0003,Solar 61,0.0
331,t0003,Solar 60,0.0
330,t0003,Solar 05,0.0
329,t0003,Solar 59,0.0
328,t0003,Solar 58,0.0
326,t0003,Solar 56,0.0
325,t0003,Solar 55,0.0
324,t0003,Solar 54,0.0
337,t0003,Solar 66,0.0
335,t0003,Solar 64,0.0
292,t0003,Solar 25,0.0
290,t0003,Solar 23,0.0
259,t0003,Wind 10,0.7639697901763856
258,t0003,Hydro 43,0.001693379790940767
257,t0003,Hydro 42,0.02689590691876169
256,t0003,Hydro 41,0.02689590691876169
255,t0003,Hydro 40,0.0009254100897554936
254,t0003,Hydro 35,0.2142
253,t0003,Hydro 34,0.003470671257382753
252,t0003,Hydro 33,0.003470671257382753
251,t0003,Hydro 32,0.2142
250,t0003,Hydro 31,0.2142
249,t0003,Hydro 30,0.2142
247,t0003,Hydro 28,0.0
260,t0003,Wind 11,0.5536619310331324
246,t0003,Hydro 27,0.02916218669273197
244,t0003,Hydro 25,0.02916218669273197
243,t0003,Hydro 24,0.0
242,t0003,Hydro 23,0.0
241,t0003,Hydro 22,0.009934275304595374
240,t0003,Hydro 21,0.009934275304595374
239,t0003,Hydro 20,0.009934275304595374
238,t0003,Hydro 19,0.0004665042255258775
237,t0003,Hydro 18,0.2142
236,t0003,Hydro 17,0.2142
235,t0003,Hydro 16,0.2142
291,t0003,Solar 24,0.0
245,t0003,Hydro 26,0.02916218669273197
261,t0003,Wind 12,0.09790575412578471
248,t0003,Hydro 29,0.0
263,t0003,Wind 14,0.0290643213445595
262,t0003,Wind 13,0.09166446461883253
288,t0003,Solar 21,0.0
287,t0003,Solar 20,0.0
286,t0003,Solar 01,0.0
285,t0003,Solar 19,0.0
284,t0003,Solar 18,0.0
283,t0003,Solar 17,0.0
282,t0003,Solar 16,0.0
281,t0003,Solar 15,0.0
280,t0003,Solar 14,0.0
279,t0003,Solar 13,0.0
278,t0003,Solar 12,0.0
277,t0003,Solar 11,0.0
289,t0003,Solar 22,0.0
275,t0003,Wind 09,0.6872018325233794
276,t0003,Solar 10,0.0
265,t0003,Wind 16,0.0
266,t0003,Wind 17,0.02143945440956555
267,t0003,Wind 01,0.2097790603077878
268,t0003,Wind 02,0.3509367547900395
269,t0003,Wind 03,0.308938010796339
264,t0003,Wind 15,0.166769899049921
271,t0003,Wind 05,0.8226721667984627
272,t0003,Wind 06,0.1159563134139859
273,t0003,Wind 07,0.3729820232012344
274,t0003,Wind 08,0.8239732631193373
270,t0003,Wind 04,0.1013839326876418
427,t0004,Solar 41,0.0
428,t0004,Solar 42,0.0
429,t0004,Solar 43,0.0
437,t0004,Solar 50,0.0
430,t0004,Solar 44,0.0
433,t0004,Solar 47,0.0
432,t0004,Solar 46,0.0
434,t0004,Solar 48,0.0
435,t0004,Solar 49,0.0
436,t0004,Solar 04,0.0
426,t0004,Solar 40,0.0
431,t0004,Solar 45,0.0
425,t0004,Solar 03,0.0
419,t0004,Solar 34,0.0
423,t0004,Solar 38,0.0
422,t0004,Solar 37,0.0
421,t0004,Solar 36,0.0
420,t0004,Solar 35,0.0
418,t0004,Solar 33,0.0
417,t0004,Solar 32,0.0
416,t0004,Solar 31,0.0
415,t0004,Solar 30,0.0
414,t0004,Solar 02,0.0
413,t0004,Solar 29,0.0
412,t0004,Solar 28,0.0
438,t0004,Solar 51,0.0
424,t0004,Solar 39,0.0
439,t0004,Solar 52,0.0
411,t0004,Solar 27,0.0
441,t0004,Solar 54,0.0
467,t0004,Solar 09,0.0
466,t0004,Solar 08,0.0
465,t0004,Solar 07,0.0
464,t0004,Solar 75,0.0
463,t0004,Solar 74,0.0
462,t0004,Solar 73,0.0
461,t0004,Solar 72,0.0
460,t0004,Solar 71,0.0
459,t0004,Solar 70,0.0
458,t0004,Solar 06,0.0
457,t0004,Solar 69,0.0
456,t0004,Solar 68,0.0
440,t0004,Solar 53,0.0
455,t0004,Solar 67,0.0
453,t0004,Solar 65,0.0
452,t0004,Solar 64,0.0
451,t0004,Solar 63,0.0
450,t0004,Solar 62,0.0
449,t0004,Solar 61,0.0
448,t0004,Solar 60,0.0
447,t0004,Solar 05,0.0
446,t0004,Solar 59,0.0
445,t0004,Solar 58,0.0
444,t0004,Solar 57,0.0
443,t0004,Solar 56,0.0
442,t0004,Solar 55,0.0
454,t0004,Solar 66,0.0
410,t0004,Solar 26,0.0
379,t0004,Wind 13,0.4535549886832538
408,t0004,Solar 24,0.0
377,t0004,Wind 11,0.5840485024624149
376,t0004,Wind 10,0.8617942029107529
375,t0004,Hydro 43,0.002019029750737067
374,t0004,Hydro 42,0.02711107417411178
373,t0004,Hydro 41,0.02711107417411178
372,t0004,Hydro 40,0.001103373568554627
371,t0004,Hydro 35,0.216
370,t0004,Hydro 34,0.003565404219743075
369,t0004,Hydro 33,0.003565404219743075
368,t0004,Hydro 32,0.216
367,t0004,Hydro 31,0.216
366,t0004,Hydro 30,0.216
378,t0004,Wind 12,0.5500287543771333
365,t0004,Hydro 29,0.0
363,t0004,Hydro 27,0.02940724708510787
362,t0004,Hydro 26,0.02940724708510787
361,t0004,Hydro 25,0.02940724708510787
360,t0004,Hydro 24,0.0
359,t0004,Hydro 23,0.0
358,t0004,Hydro 22,0.009737649685937032
357,t0004,Hydro 21,0.009737649685937032
356,t0004,Hydro 20,0.009737649685937032
355,t0004,Hydro 19,0.0004665042255258775
354,t0004,Hydro 18,0.216
353,t0004,Hydro 17,0.216
352,t0004,Hydro 16,0.216
364,t0004,Hydro 28,0.0
409,t0004,Solar 25,0.0
381,t0004,Wind 15,0.1874724052340396
407,t0004,Solar 23,0.0
406,t0004,Solar 22,0.0
405,t0004,Solar 21,0.0
404,t0004,Solar 20,0.0
403,t0004,Solar 01,0.0
402,t0004,Solar 19,0.0
401,t0004,Solar 18,0.0
380,t0004,Wind 14,0.06639657542491975
399,t0004,Solar 16,0.0
398,t0004,Solar 15,0.0
397,t0004,Solar 14,0.0
396,t0004,Solar 13,0.0
395,t0004,Solar 12,0.0
400,t0004,Solar 17,0.0
393,t0004,Solar 10,0.0
394,t0004,Solar 11,0.0
382,t0004,Wind 16,0.01093987153157324
383,t0004,Wind 17,0.01967127972432796
384,t0004,Wind 01,0.4643616980976104
386,t0004,Wind 03,0.248611479762689
385,t0004,Wind 02,0.627646172408758
388,t0004,Wind 05,0.8899050372544909
389,t0004,Wind 06,0.4008114415483149
390,t0004,Wind 07,0.5448848395076054
391,t0004,Wind 08,0.9163006365202168
392,t0004,Wind 09,0.8184227135421385
387,t0004,Wind 04,0.07355496814846758
546,t0005,Solar 43,0.0
543,t0005,Solar 40,0.0
544,t0005,Solar 41,0.0
545,t0005,Solar 42,0.0
547,t0005,Solar 44,0.0
553,t0005,Solar 04,0.0
549,t0005,Solar 46,0.0
550,t0005,Solar 47,0.0
551,t0005,Solar 48,0.0
552,t0005,Solar 49,0.0
548,t0005,Solar 45,0.0
542,t0005,Solar 03,0.0
528,t0005,Solar 27,0.0
540,t0005,Solar 38,0.0
539,t0005,Solar 37,0.0
538,t0005,Solar 36,0.0
537,t0005,Solar 35,0.0
536,t0005,Solar 34,0.0
535,t0005,Solar 33,0.0
534,t0005,Solar 32,0.0
533,t0005,Solar 31,0.0
532,t0005,Solar 30,0.0
531,t0005,Solar 02,0.0
530,t0005,Solar 29,0.0
529,t0005,Solar 28,0.0
554,t0005,Solar 50,0.0
541,t0005,Solar 39,0.0
555,t0005,Solar 51,0.0
569,t0005,Solar 64,0.0
557,t0005,Solar 53,0.0
527,t0005,Solar 26,0.0
583,t0005,Solar 08,0.0
582,t0005,Solar 07,0.0
581,t0005,Solar 75,0.0
580,t0005,Solar 74,0.0
579,t0005,Solar 73,0.0
578,t0005,Solar 72,0.0
577,t0005,Solar 71,0.0
576,t0005,Solar 70,0.0
575,t0005,Solar 06,0.0
574,t0005,Solar 69,0.0
573,t0005,Solar 68,0.0
556,t0005,Solar 52,0.0
572,t0005,Solar 67,0.0
570,t0005,Solar 65,0.0
568,t0005,Solar 63,0.0
567,t0005,Solar 62,0.0
566,t0005,Solar 61,0.0
565,t0005,Solar 60,0.0
564,t0005,Solar 05,0.0
563,t0005,Solar 59,0.0
562,t0005,Solar 58,0.0
561,t0005,Solar 57,0.0
560,t0005,Solar 56,0.0
559,t0005,Solar 55,0.0
558,t0005,Solar 54,0.0
571,t0005,Solar 66,0.0
526,t0005,Solar 25,0.0
584,t0005,Solar 09,0.0
524,t0005,Solar 23,0.0
493,t0005,Wind 10,0.7571723974137711
492,t0005,Hydro 43,0.001997319753417314
491,t0005,Hydro 42,0.02694073343029296
490,t0005,Hydro 41,0.02694073343029296
489,t0005,Hydro 40,0.001091509336634685
488,t0005,Hydro 35,0.2162
487,t0005,Hydro 34,0.003565404219743075
486,t0005,Hydro 33,0.003565404219743075
485,t0005,Hydro 32,0.2162
484,t0005,Hydro 31,0.2162
483,t0005,Hydro 30,0.2162
482,t0005,Hydro 29,0.0
494,t0005,Wind 11,0.5849911486437338
481,t0005,Hydro 28,0.0
479,t0005,Hydro 26,0.02943447601759408
478,t0005,Hydro 25,0.02943447601759408
477,t0005,Hydro 24,0.0
476,t0005,Hydro 23,0.0
475,t0005,Hydro 22,0.00969083406244695
474,t0005,Hydro 21,0.00969083406244695
473,t0005,Hydro 20,0.00969083406244695
472,t0005,Hydro 19,0.0004665042255258775
471,t0005,Hydro 18,0.2161999999999999
470,t0005,Hydro 17,0.2161999999999999
469,t0005,Hydro 16,0.2162
480,t0005,Hydro 27,0.02943447601759408
495,t0005,Wind 12,0.5321112258961066
525,t0005,Solar 24,0.0
497,t0005,Wind 14,0.06317883172294125
523,t0005,Solar 22,0.0
522,t0005,Solar 21,0.0
521,t0005,Solar 20,0.0
520,t0005,Solar 01,0.0
519,t0005,Solar 19,0.0
518,t0005,Solar 18,0.0
517,t0005,Solar 17,0.0
496,t0005,Wind 13,0.5077442560326235
515,t0005,Solar 15,0.0
514,t0005,Solar 14,0.0
513,t0005,Solar 13,0.0
512,t0005,Solar 12,0.0
511,t0005,Solar 11,0.0
516,t0005,Solar 16,0.0
509,t0005,Wind 09,0.7113015794633734
510,t0005,Solar 10,0.0
498,t0005,Wind 15,0.1655154830770538
499,t0005,Wind 16,0.02321424711551425
500,t0005,Wind 17,0.00545405660021895
502,t0005,Wind 02,0.6305950412987421
501,t0005,Wind 01,0.5092570609717617
504,t0005,Wind 04,0.06981309402722839
505,t0005,Wind 05,0.8239504234470209
506,t0005,Wind 06,0.4554151664406141
507,t0005,Wind 07,0.5622956383247434
508,t0005,Wind 08,0.8523919138333131
503,t0005,Wind 03,0.262941765180637
663,t0006,Solar 43,0.0
660,t0006,Solar 40,0.0
661,t0006,Solar 41,0.0
662,t0006,Solar 42,0.0
664,t0006,Solar 44,0.0
670,t0006,Solar 04,0.0
666,t0006,Solar 46,0.0
667,t0006,Solar 47,0.0
668,t0006,Solar 48,0.0
669,t0006,Solar 49,0.0
665,t0006,Solar 45,0.0
659,t0006,Solar 03,0.0
645,t0006,Solar 27,0.0
657,t0006,Solar 38,0.0
656,t0006,Solar 37,0.0
655,t0006,Solar 36,0.0
654,t0006,Solar 35,0.0
653,t0006,Solar 34,0.0
652,t0006,Solar 33,0.0
651,t0006,Solar 32,0.0
650,t0006,Solar 31,0.0
649,t0006,Solar 30,0.0
648,t0006,Solar 02,0.0
647,t0006,Solar 29,0.0
646,t0006,Solar 28,0.0
671,t0006,Solar 50,0.0
658,t0006,Solar 39,0.0
672,t0006,Solar 51,0.0
686,t0006,Solar 64,0.0
674,t0006,Solar 53,0.0
644,t0006,Solar 26,0.0
700,t0006,Solar 08,0.0
699,t0006,Solar 07,0.0
698,t0006,Solar 75,0.0
697,t0006,Solar 74,0.0
696,t0006,Solar 73,0.0
695,t0006,Solar 72,0.0
694,t0006,Solar 71,0.0
693,t0006,Solar 70,0.0
692,t0006,Solar 06,0.0
691,t0006,Solar 69,0.0
690,t0006,Solar 68,0.0
673,t0006,Solar 52,0.0
689,t0006,Solar 67,0.0
687,t0006,Solar 65,0.0
685,t0006,Solar 63,0.0
684,t0006,Solar 62,0.0
683,t0006,Solar 61,0.0
682,t0006,Solar 60,0.0
681,t0006,Solar 05,0.0
680,t0006,Solar 59,0.0
679,t0006,Solar 58,0.0
678,t0006,Solar 57,0.0
677,t0006,Solar 56,0.0
676,t0006,Solar 55,0.0
675,t0006,Solar 54,0.0
688,t0006,Solar 66,0.0
701,t0006,Solar 09,0.0
643,t0006,Solar 25,0.0
641,t0006,Solar 23,0.0
610,t0006,Wind 10,0.8578905704724277
609,t0006,Hydro 43,0.001801929777539534
608,t0006,Hydro 42,0.02698555994182423
607,t0006,Hydro 41,0.02698555994182423
606,t0006,Hydro 40,0.0009847312493552046
605,t0006,Hydro 35,0.216
604,t0006,Hydro 34,0.003548180044768471
603,t0006,Hydro 33,0.003548180044768471
602,t0006,Hydro 32,0.216
601,t0006,Hydro 31,0.216
600,t0006,Hydro 30,0.216
598,t0006,Hydro 28,0.0
611,t0006,Wind 11,0.5850249175289023
597,t0006,Hydro 27,0.02940724708510787
595,t0006,Hydro 25,0.02940724708510787
594,t0006,Hydro 24,0.0
593,t0006,Hydro 23,0.0
592,t0006,Hydro 22,0.009718923436540999
591,t0006,Hydro 21,0.009718923436540999
590,t0006,Hydro 20,0.009718923436540999
589,t0006,Hydro 19,0.0004665042255258775
588,t0006,Hydro 18,0.216
587,t0006,Hydro 17,0.216
586,t0006,Hydro 16,0.216
642,t0006,Solar 24,0.0
596,t0006,Hydro 26,0.02940724708510787
612,t0006,Wind 12,0.7325628900500298
599,t0006,Hydro 29,0.0
614,t0006,Wind 14,0.0358793778363775
613,t0006,Wind 13,0.5767032708217001
639,t0006,Solar 21,0.0
638,t0006,Solar 20,0.0
637,t0006,Solar 01,0.0
636,t0006,Solar 19,0.0
635,t0006,Solar 18,0.0
634,t0006,Solar 17,0.0
633,t0006,Solar 16,0.0
632,t0006,Solar 15,0.0
631,t0006,Solar 14,0.0
630,t0006,Solar 13,0.0
629,t0006,Solar 12,0.0
628,t0006,Solar 11,0.0
640,t0006,Solar 22,0.0
626,t0006,Wind 09,0.8494105648568191
627,t0006,Solar 10,0.0
616,t0006,Wind 16,0.007641534389626488
617,t0006,Wind 17,0.00859643941457157
618,t0006,Wind 01,0.5378895582746505
619,t0006,Wind 02,0.6295381362847947
620,t0006,Wind 03,0.36168413669987
615,t0006,Wind 15,0.1406290332811764
622,t0006,Wind 05,0.8905827847726009
623,t0006,Wind 06,0.5622421793863693
624,t0006,Wind 07,0.5637242458241541
625,t0006,Wind 08,0.9336337485576506
621,t0006,Wind 04,0.0970215701890938
778,t0007,Solar 41,0.0
779,t0007,Solar 42,0.0
780,t0007,Solar 43,0.0
788,t0007,Solar 50,0.0
781,t0007,Solar 44,0.0
784,t0007,Solar 47,0.0
783,t0007,Solar 46,0.0
785,t0007,Solar 48,0.0
786,t0007,Solar 49,0.0
787,t0007,Solar 04,0.0
777,t0007,Solar 40,0.0
782,t0007,Solar 45,0.0
776,t0007,Solar 03,0.0
770,t0007,Solar 34,0.0
774,t0007,Solar 38,0.0
773,t0007,Solar 37,0.0
772,t0007,Solar 36,0.0
771,t0007,Solar 35,0.0
769,t0007,Solar 33,0.0
768,t0007,Solar 32,0.0
767,t0007,Solar 31,0.0
766,t0007,Solar 30,0.0
765,t0007,Solar 02,0.0
764,t0007,Solar 29,0.0
763,t0007,Solar 28,0.0
789,t0007,Solar 51,0.0
775,t0007,Solar 39,0.0
790,t0007,Solar 52,0.0
762,t0007,Solar 27,0.0
792,t0007,Solar 54,0.0
818,t0007,Solar 09,0.0
817,t0007,Solar 08,0.0
816,t0007,Solar 07,0.0
815,t0007,Solar 75,0.0
814,t0007,Solar 74,0.0
813,t0007,Solar 73,0.0
812,t0007,Solar 72,0.0
811,t0007,Solar 71,0.0
810,t0007,Solar 70,0.0
809,t0007,Solar 06,0.0
808,t0007,Solar 69,0.0
807,t0007,Solar 68,0.0
791,t0007,Solar 53,0.0
806,t0007,Solar 67,0.0
804,t0007,Solar 65,0.0
803,t0007,Solar 64,0.0
802,t0007,Solar 63,0.0
801,t0007,Solar 62,0.0
800,t0007,Solar 61,0.0
799,t0007,Solar 60,0.0
798,t0007,Solar 05,0.0
797,t0007,Solar 59,0.0
796,t0007,Solar 58,0.0
795,t0007,Solar 57,0.0
794,t0007,Solar 56,0.0
793,t0007,Solar 55,0.0
805,t0007,Solar 66,0.0
761,t0007,Solar 26,0.0
730,t0007,Wind 13,0.5969972792719881
759,t0007,Solar 24,0.0
727,t0007,Wind 10,0.9048129860811928
726,t0007,Hydro 43,0.00451567944250871
725,t0007,Hydro 42,0.02712003947641803
724,t0007,Hydro 41,0.02712003947641803
723,t0007,Hydro 40,0.002467760239347983
722,t0007,Hydro 35,0.2157
721,t0007,Hydro 34,0.003427610819946242
720,t0007,Hydro 33,0.003427610819946242
719,t0007,Hydro 32,0.2157
718,t0007,Hydro 31,0.2157
717,t0007,Hydro 30,0.2157
716,t0007,Hydro 29,0.0
728,t0007,Wind 11,0.5850249175289023
715,t0007,Hydro 28,0.0
713,t0007,Hydro 26,0.02936640368637855
712,t0007,Hydro 25,0.02936640368637855
711,t0007,Hydro 24,0.0
710,t0007,Hydro 23,0.0
709,t0007,Hydro 22,0.009615929064862817
708,t0007,Hydro 21,0.009615929064862817
707,t0007,Hydro 20,0.009615929064862817
706,t0007,Hydro 19,0.0004665042255258775
705,t0007,Hydro 18,0.2157
704,t0007,Hydro 17,0.2157
703,t0007,Hydro 16,0.2157
714,t0007,Hydro 27,0.02936640368637855
729,t0007,Wind 12,0.7680229905891149
760,t0007,Solar 25,0.0
731,t0007,Wind 14,0.0337035311541365
757,t0007,Solar 22,0.0
756,t0007,Solar 21,0.0
755,t0007,Solar 20,0.0
754,t0007,Solar 01,0.0
753,t0007,Solar 19,0.0
752,t0007,Solar 18,0.0
751,t0007,Solar 17,0.0
750,t0007,Solar 16,0.0
749,t0007,Solar 15,0.0
748,t0007,Solar 14,0.0
747,t0007,Solar 13,0.0
746,t0007,Solar 12,0.0
745,t0007,Solar 11,0.0
758,t0007,Solar 23,0.0
743,t0007,Wind 09,0.9015216547579759
744,t0007,Solar 10,0.0
732,t0007,Wind 15,0.1177619194933234
733,t0007,Wind 16,0.002710441600247626
734,t0007,Wind 17,0.02266475209608328
736,t0007,Wind 02,0.6333590237059896
735,t0007,Wind 01,0.5384655172647043
738,t0007,Wind 04,0.316200549540084
739,t0007,Wind 05,0.9165589436609637
740,t0007,Wind 06,0.571755405341224
741,t0007,Wind 07,0.5637254666479958
742,t0007,Wind 08,0.9512627196733553
737,t0007,Wind 03,0.517969212574753
897,t0008,Solar 43,0.0
894,t0008,Solar 40,0.0
895,t0008,Solar 41,0.0
896,t0008,Solar 42,0.0
898,t0008,Solar 44,0.0
904,t0008,Solar 04,0.0
900,t0008,Solar 46,0.0
901,t0008,Solar 47,0.0
902,t0008,Solar 48,0.0
903,t0008,Solar 49,0.0
893,t0008,Solar 03,0.0
899,t0008,Solar 45,0.0
892,t0008,Solar 39,0.0
886,t0008,Solar 33,0.0
890,t0008,Solar 37,0.0
889,t0008,Solar 36,0.0
888,t0008,Solar 35,0.0
887,t0008,Solar 34,0.0
885,t0008,Solar 32,0.0
884,t0008,Solar 31,0.0
883,t0008,Solar 30,0.0
882,t0008,Solar 02,0.0
881,t0008,Solar 29,0.0
880,t0008,Solar 28,0.0
879,t0008,Solar 27,0.0
905,t0008,Solar 50,0.0
891,t0008,Solar 38,0.0
906,t0008,Solar 51,0.0
920,t0008,Solar 64,0.0
908,t0008,Solar 53,0.0
934,t0008,Solar 08,0.0
933,t0008,Solar 07,0.0
932,t0008,Solar 75,0.0
931,t0008,Solar 74,0.0
930,t0008,Solar 73,0.0
929,t0008,Solar 72,0.0
928,t0008,Solar 71,0.0
927,t0008,Solar 70,0.0
926,t0008,Solar 06,0.0
925,t0008,Solar 69,0.0
924,t0008,Solar 68,0.0
923,t0008,Solar 67,0.0
907,t0008,Solar 52,0.0
922,t0008,Solar 66,0.0
878,t0008,Solar 26,0.0
919,t0008,Solar 63,0.0
918,t0008,Solar 62,0.0
917,t0008,Solar 61,0.0
916,t0008,Solar 60,0.0
915,t0008,Solar 05,0.0
914,t0008,Solar 59,0.0
913,t0008,Solar 58,0.0
912,t0008,Solar 57,0.0
911,t0008,Solar 56,0.0
910,t0008,Solar 55,0.0
909,t0008,Solar 54,0.0
921,t0008,Solar 65,0.0
877,t0008,Solar 25,0.0
935,t0008,Solar 09,0.0
875,t0008,Solar 23,0.0
844,t0008,Wind 10,0.9107913158960904
843,t0008,Hydro 43,0.01474108818011257
842,t0008,Hydro 42,0.02649246831498026
841,t0008,Hydro 41,0.02649246831498026
840,t0008,Hydro 40,0.008055813473640771
839,t0008,Hydro 35,0.2209
838,t0008,Hydro 34,0.003272593245174803
837,t0008,Hydro 33,0.003272593245174803
836,t0008,Hydro 32,0.2209
835,t0008,Hydro 31,0.2209
834,t0008,Hydro 30,0.2209
833,t0008,Hydro 29,0.0
845,t0008,Wind 11,0.5850249175289023
832,t0008,Hydro 28,0.0
830,t0008,Hydro 26,0.03007435593102004
829,t0008,Hydro 25,0.03007435593102004
828,t0008,Hydro 24,0.0
827,t0008,Hydro 23,0.0
826,t0008,Hydro 22,0.01105785026835734
825,t0008,Hydro 21,0.01105785026835734
824,t0008,Hydro 20,0.01105785026835734
823,t0008,Hydro 19,0.01137422120782185
822,t0008,Hydro 18,0.2209
821,t0008,Hydro 17,0.2209
820,t0008,Hydro 16,0.2209
831,t0008,Hydro 27,0.03007435593102004
846,t0008,Wind 12,0.70225882512088
876,t0008,Solar 24,0.0
848,t0008,Wind 14,0.03212418467195875
874,t0008,Solar 22,0.0
873,t0008,Solar 21,0.0
872,t0008,Solar 20,0.0
871,t0008,Solar 01,0.0
870,t0008,Solar 19,0.0
869,t0008,Solar 18,0.0
868,t0008,Solar 17,0.0
847,t0008,Wind 13,0.591383097735937
866,t0008,Solar 15,0.0
865,t0008,Solar 14,0.0
864,t0008,Solar 13,0.0
863,t0008,Solar 12,0.0
862,t0008,Solar 11,0.0
867,t0008,Solar 16,0.0
860,t0008,Wind 09,0.90706632063403
861,t0008,Solar 10,0.0
849,t0008,Wind 15,0.09796660596864641
850,t0008,Wind 16,0.002888015141240334
851,t0008,Wind 17,0.02944210223205892
853,t0008,Wind 02,0.633629400670921
852,t0008,Wind 01,0.5374018072667426
855,t0008,Wind 04,0.37823980815091
856,t0008,Wind 05,0.9212714828773999
857,t0008,Wind 06,0.5647672096048506
858,t0008,Wind 07,0.5637254666479958
859,t0008,Wind 08,0.9557814496254096
854,t0008,Wind 03,0.589622137416249
1014,t0009,Solar 43,0.08179627321426856
1011,t0009,Solar 40,0.07182228343918398
1012,t0009,Solar 41,0.07182228343918398
1013,t0009,Solar 42,0.08179627321426856
1015,t0009,Solar 44,0.08179627321426856
1021,t0009,Solar 04,0.0
1017,t0009,Solar 46,0.08179627321426856
1018,t0009,Solar 47,0.08179627321426856
1019,t0009,Solar 48,0.08179627321426856
1020,t0009,Solar 49,0.08013111566984472
1016,t0009,Solar 45,0.08179627321426856
1010,t0009,Solar 03,0.0
996,t0009,Solar 27,0.0
1008,t0009,Solar 38,0.095135274791844
1007,t0009,Solar 37,0.1056545048061111
1006,t0009,Solar 36,0.1233129563090993
1005,t0009,Solar 35,0.1045594562716169
1004,t0009,Solar 34,0.1220971770284992
1003,t0009,Solar 33,0.1847159312535864
1002,t0009,Solar 32,0.1852458517351785
1001,t0009,Solar 31,0.1160212075072981
1000,t0009,Solar 30,0.0
999,t0009,Solar 02,0.05357956905548746
998,t0009,Solar 29,0.0
997,t0009,Solar 28,0.0
1022,t0009,Solar 50,0.07065612266880873
1009,t0009,Solar 39,0.07182228343918398
1023,t0009,Solar 51,0.06688852702508946
1037,t0009,Solar 64,0.06540386289386144
1025,t0009,Solar 53,0.06690548499928714
995,t0009,Solar 26,0.0
1051,t0009,Solar 08,0.0
1050,t0009,Solar 07,0.0
1049,t0009,Solar 75,0.0
1048,t0009,Solar 74,0.0
1047,t0009,Solar 73,0.0
1046,t0009,Solar 72,0.08959062127565597
1045,t0009,Solar 71,0.1081119101352662
1044,t0009,Solar 70,0.09558729403102535
1043,t0009,Solar 06,0.0
1042,t0009,Solar 69,0.0884300361424569
1041,t0009,Solar 68,0.08789506688062104
1024,t0009,Solar 52,0.07064084689512472
1040,t0009,Solar 67,0.04888110680663475
1038,t0009,Solar 65,0.04037283601238426
1036,t0009,Solar 63,0.04888519536028534
1035,t0009,Solar 62,0.0
1034,t0009,Solar 61,0.03199667100705685
1033,t0009,Solar 60,0.06688301445548459
1032,t0009,Solar 05,0.0
1031,t0009,Solar 59,0.06195753230407038
1030,t0009,Solar 58,0.07066414151764994
1029,t0009,Solar 57,0.0706697255597443
1028,t0009,Solar 56,0.07244832513490733
1027,t0009,Solar 55,0.07246982613020989
1026,t0009,Solar 54,0.07062569616266544
1039,t0009,Solar 66,0.02958153622128373
1052,t0009,Solar 09,0.0
994,t0009,Solar 25,0.0
992,t0009,Solar 23,0.0
961,t0009,Wind 10,0.9108034990548011
960,t0009,Hydro 43,0.02396783704100777
959,t0009,Hydro 42,0.02736210263868689
958,t0009,Hydro 41,0.02736210263868689
957,t0009,Hydro 40,0.01309811203961622
956,t0009,Hydro 35,0.2202
955,t0009,Hydro 34,0.003005618533068438
954,t0009,Hydro 33,0.003005618533068438
953,t0009,Hydro 32,0.2202
952,t0009,Hydro 31,0.2202
951,t0009,Hydro 30,0.2202
949,t0009,Hydro 28,0.0
962,t0009,Wind 11,0.5850249175289023
948,t0009,Hydro 27,0.0299790546673183
946,t0009,Hydro 25,0.0299790546673183
945,t0009,Hydro 24,0.0
944,t0009,Hydro 23,0.0
943,t0009,Hydro 22,0.03829518001488698
942,t0009,Hydro 21,0.03829518001488698
941,t0009,Hydro 20,0.03829518001488698
940,t0009,Hydro 19,0.009499722410708778
939,t0009,Hydro 18,0.2202
938,t0009,Hydro 17,0.2202
937,t0009,Hydro 16,0.2202
993,t0009,Solar 24,0.0
947,t0009,Hydro 26,0.0299790546673183
963,t0009,Wind 12,0.5033404695911292
950,t0009,Hydro 29,0.0
965,t0009,Wind 14,0.02014116332778885
964,t0009,Wind 13,0.554512020832736
990,t0009,Solar 21,0.0
989,t0009,Solar 20,0.0
988,t0009,Solar 01,2.639121002731802e-05
987,t0009,Solar 19,0.0
986,t0009,Solar 18,0.0
985,t0009,Solar 17,0.0
984,t0009,Solar 16,0.0
983,t0009,Solar 15,0.0
982,t0009,Solar 14,0.0
981,t0009,Solar 13,0.0
980,t0009,Solar 12,0.0
979,t0009,Solar 11,0.0
991,t0009,Solar 22,0.0
977,t0009,Wind 09,0.906038150048542
978,t0009,Solar 10,0.0
966,t0009,Wind 15,0.078927951535625
967,t0009,Wind 16,0.001002168913685204
968,t0009,Wind 17,0.01543306186944428
969,t0009,Wind 01,0.5328683468625155
971,t0009,Wind 03,0.521396349773892
970,t0009,Wind 02,0.6336491408662106
973,t0009,Wind 05,0.9212714828773999
974,t0009,Wind 06,0.5268030440026016
975,t0009,Wind 07,0.5637239154177018
976,t0009,Wind 08,0.9557814496254096
972,t0009,Wind 04,0.378825401162232
1130,t0010,Solar 42,0.3434559102642578
1129,t0010,Solar 41,0.3325946687236457
1128,t0010,Solar 40,0.3325946687236457
1131,t0010,Solar 43,0.3434559102642578
1137,t0010,Solar 49,0.3364640489277964
1133,t0010,Solar 45,0.3434559102642578
1134,t0010,Solar 46,0.3434559102642578
1135,t0010,Solar 47,0.3434559102642578
1136,t0010,Solar 48,0.3434559102642578
1138,t0010,Solar 04,0.01693125194143456
1132,t0010,Solar 44,0.3434559102642578
1127,t0010,Solar 03,0.050082378254658
1121,t0010,Solar 34,0.4497392158111376
1125,t0010,Solar 38,0.4405780593052425
1124,t0010,Solar 37,0.4436346876910308
1123,t0010,Solar 36,0.454235140311768
1122,t0010,Solar 35,0.2837231588288622
1120,t0010,Solar 33,0.4992090499673635
1119,t0010,Solar 32,0.5005862559472174
1118,t0010,Solar 31,0.4333776427203844
1117,t0010,Solar 30,0.01284700427311669
1116,t0010,Solar 02,0.2961960935951687
1115,t0010,Solar 29,0.04289192866167601
1114,t0010,Solar 28,0.04290577867426103
1139,t0010,Solar 50,0.3271944108018849
1113,t0010,Solar 27,0.009094853533208408
1126,t0010,Solar 39,0.3325946687236457
1140,t0010,Solar 51,0.3246710533623725
1154,t0010,Solar 64,0.4157118052934766
1142,t0010,Solar 53,0.3247533658842728
1169,t0010,Solar 09,0.01691911338343906
1168,t0010,Solar 08,0.01692063207558877
1167,t0010,Solar 07,0.01715785885935576
1166,t0010,Solar 75,0.07197559329759601
1165,t0010,Solar 74,0.086457104423194
1164,t0010,Solar 73,0.2192208858568528
1163,t0010,Solar 72,0.394842578129617
1162,t0010,Solar 71,0.426579352974689
1161,t0010,Solar 70,0.409197981392382
1160,t0010,Solar 06,0.009085602468344375
1159,t0010,Solar 69,0.393359924684461
1158,t0010,Solar 68,0.3984066049399667
1141,t0010,Solar 52,0.3271236717409042
1157,t0010,Solar 67,0.31069194167179
1155,t0010,Solar 65,0.2566127412193118
1153,t0010,Solar 63,0.31071792882215
1152,t0010,Solar 62,0.1842793207916416
1151,t0010,Solar 61,0.1604010540942294
1150,t0010,Solar 60,0.3246442958321963
1149,t0010,Solar 05,0.01657809340572992
1148,t0010,Solar 59,0.3149188690928639
1147,t0010,Solar 58,0.3272315444914045
1146,t0010,Solar 57,0.3272574030765351
1145,t0010,Solar 56,0.3355132211232034
1144,t0010,Solar 55,0.3356127937244722
1143,t0010,Solar 54,0.3270535117208946
1156,t0010,Solar 66,0.239848709787349
1112,t0010,Solar 26,0.01687658593384606
1111,t0010,Solar 25,0.01690875546345278
1109,t0010,Solar 23,0.01713370305786169
1078,t0010,Wind 10,0.9108034990548011
1077,t0010,Hydro 43,0.02144947735191638
1076,t0010,Hydro 42,0.02692280282568045
1075,t0010,Hydro 41,0.02692280282568045
1074,t0010,Hydro 40,0.01172186113690292
1073,t0010,Hydro 35,0.2207
1072,t0010,Hydro 34,0.002902273483220812
1071,t0010,Hydro 33,0.002902273483220812
1070,t0010,Hydro 32,0.2207
1069,t0010,Hydro 31,0.2207
1068,t0010,Hydro 30,0.2207
1067,t0010,Hydro 29,0.0
1079,t0010,Wind 11,0.5850249175289023
1066,t0010,Hydro 28,0.0
1064,t0010,Hydro 26,0.03004712699853383
1063,t0010,Hydro 25,0.03004712699853383
1062,t0010,Hydro 24,0.0
1061,t0010,Hydro 23,0.0
1060,t0010,Hydro 22,0.001404468704702456
1059,t0010,Hydro 21,0.001404468704702456
1058,t0010,Hydro 20,0.001404468704702456
1057,t0010,Hydro 19,0.005860989451606933
1056,t0010,Hydro 18,0.2207
1055,t0010,Hydro 17,0.2207
1054,t0010,Hydro 16,0.2207
1065,t0010,Hydro 27,0.03004712699853383
1080,t0010,Wind 12,0.3509261671798769
1110,t0010,Solar 24,0.01687321809832007
1082,t0010,Wind 14,0.01513572413985675
1108,t0010,Solar 22,0.04287345394297561
1107,t0010,Solar 21,0.01691538753296319
1106,t0010,Solar 20,0.04291588481027778
1105,t0010,Solar 01,0.08412827455904681
1104,t0010,Solar 19,0.0169179557982841
1103,t0010,Solar 18,0.01691957983346858
1102,t0010,Solar 17,0.01692694623562877
1081,t0010,Wind 13,0.4787717894079284
1100,t0010,Solar 15,0.01692218434563039
1099,t0010,Solar 14,0.01691783295296199
1098,t0010,Solar 13,0.01720473215690169
1097,t0010,Solar 12,0.01686779434338396
1096,t0010,Solar 11,0.01694781046410591
1101,t0010,Solar 16,0.00908349761080909
1094,t0010,Wind 09,0.9068800060892288
1095,t0010,Solar 10,0.0429133610889
1083,t0010,Wind 15,0.06076806845152861
1084,t0010,Wind 16,0.0003610998528885786
1085,t0010,Wind 17,0.02986136091654033
1087,t0010,Wind 02,0.633726598280029
1086,t0010,Wind 01,0.5256596824198158
1089,t0010,Wind 04,0.491368908832572
1090,t0010,Wind 05,0.9212714828773999
1091,t0010,Wind 06,0.4684365827958921
1092,t0010,Wind 07,0.5636333336487216
1093,t0010,Wind 08,0.9557814496254096
1088,t0010,Wind 03,0.5522549997005289
1248,t0011,Solar 43,0.5441913575942783
1245,t0011,Solar 40,0.5409266137282028
1246,t0011,Solar 41,0.5409266137282028
1247,t0011,Solar 42,0.5441913575942783
1249,t0011,Solar 44,0.5441913575942783
1255,t0011,Solar 04,0.1471382072614542
1251,t0011,Solar 46,0.5441913575942783
1252,t0011,Solar 47,0.5441913575942783
1253,t0011,Solar 48,0.5441913575942783
1254,t0011,Solar 49,0.533113049144521
1250,t0011,Solar 45,0.5441913575942783
1244,t0011,Solar 03,0.2245541950055568
1230,t0011,Solar 27,0.04921070161675744
1242,t0011,Solar 38,0.7151228401587401
1241,t0011,Solar 37,0.7029203916879576
1240,t0011,Solar 36,0.6949341115880419
1239,t0011,Solar 35,0.50931677190942
1238,t0011,Solar 34,0.6888109872529536
1237,t0011,Solar 33,0.734509467934125
1236,t0011,Solar 32,0.7397870378069149
1235,t0011,Solar 31,0.6737449938804585
1234,t0011,Solar 30,0.06951294945489134
1233,t0011,Solar 02,0.5230111130352787
1232,t0011,Solar 29,0.1408585939957092
1231,t0011,Solar 28,0.1409040779214832
1256,t0011,Solar 50,0.5321437211999253
1243,t0011,Solar 39,0.5409266137282028
1257,t0011,Solar 51,0.534175487911938
1271,t0011,Solar 64,0.7255026654406285
1259,t0011,Solar 53,0.5343109152347377
1229,t0011,Solar 26,0.1466631414847156
1285,t0011,Solar 08,0.1470459170972474
1284,t0011,Solar 07,0.1491074967015562
1283,t0011,Solar 75,0.185781876431059
1282,t0011,Solar 74,0.2231612461202652
1281,t0011,Solar 73,0.52706212315898
1280,t0011,Solar 72,0.6286489337685834
1279,t0011,Solar 71,0.6604931006035755
1278,t0011,Solar 70,0.6488946405967128
1277,t0011,Solar 06,0.04916064568226682
1276,t0011,Solar 69,0.6273536873256829
1275,t0011,Solar 68,0.6410102902519988
1258,t0011,Solar 52,0.5320286723301972
1274,t0011,Solar 67,0.5422213873735899
1272,t0011,Solar 65,0.4478420515607099
1270,t0011,Solar 63,0.5422667402998567
1269,t0011,Solar 62,0.3807681045275685
1268,t0011,Solar 61,0.4037321665323655
1267,t0011,Solar 60,0.5341314642252278
1266,t0011,Solar 05,0.1440691421974883
1265,t0011,Solar 59,0.5208672221291466
1264,t0011,Solar 58,0.5322041148346305
1263,t0011,Solar 57,0.5322461708211067
1262,t0011,Solar 56,0.5445871906984853
1261,t0011,Solar 55,0.5447488116415092
1260,t0011,Solar 54,0.5319145652033804
1273,t0011,Solar 66,0.3213168046869141
1228,t0011,Solar 25,0.1469427053900402
1286,t0011,Solar 09,0.1470327191576584
1226,t0011,Solar 23,0.1488975747572666
1195,t0011,Wind 10,0.907063282902747
1194,t0011,Hydro 43,0.0244671669793621
1193,t0011,Hydro 42,0.0268152191980054
1192,t0011,Hydro 41,0.0268152191980054
1191,t0011,Hydro 40,0.01337098937377489
1190,t0011,Hydro 35,0.2217
1189,t0011,Hydro 34,0.002876437220758906
1188,t0011,Hydro 33,0.002876437220758906
1187,t0011,Hydro 32,0.2217
1186,t0011,Hydro 31,0.2217
1185,t0011,Hydro 30,0.2217
1184,t0011,Hydro 29,0.0
1196,t0011,Wind 11,0.5850249175289023
1183,t0011,Hydro 28,0.0
1181,t0011,Hydro 26,0.03018327166096488
1180,t0011,Hydro 25,0.03018327166096488
1179,t0011,Hydro 24,0.0
1178,t0011,Hydro 23,0.0
1177,t0011,Hydro 22,0.0
1176,t0011,Hydro 21,0.0
1175,t0011,Hydro 20,0.0
1174,t0011,Hydro 19,0.005750724816482635
1173,t0011,Hydro 18,0.2217
1172,t0011,Hydro 17,0.2217
1171,t0011,Hydro 16,0.2217
1182,t0011,Hydro 27,0.03018327166096488
1197,t0011,Wind 12,0.2025720031967631
1227,t0011,Solar 24,0.1466338738745379
1199,t0011,Wind 14,0.01270862933598393
1225,t0011,Solar 22,0.1407979223732906
1224,t0011,Solar 21,0.147000340278563
1223,t0011,Solar 20,0.1409372668256538
1222,t0011,Solar 01,0.1646962619430071
1221,t0011,Solar 19,0.147022659357884
1220,t0011,Solar 18,0.1470367727634607
1219,t0011,Solar 17,0.1471007892468003
1198,t0011,Wind 13,0.3262486285246797
1217,t0011,Solar 15,0.1470594068398784
1216,t0011,Solar 14,0.1470215917912015
1215,t0011,Solar 13,0.1495148412377542
1214,t0011,Solar 12,0.1465867396413059
1213,t0011,Solar 11,0.1472821063274647
1218,t0011,Solar 16,0.04914925665706304
1211,t0011,Wind 09,0.9034819208026987
1212,t0011,Solar 10,0.1409289788363749
1200,t0011,Wind 15,0.0601961375635762
1201,t0011,Wind 16,0.0006194437006555298
1202,t0011,Wind 17,0.1109613241707759
1204,t0011,Wind 02,0.63368169871605
1203,t0011,Wind 01,0.4886015267560861
1206,t0011,Wind 04,0.5258199126132339
1207,t0011,Wind 05,0.9182980360406819
1208,t0011,Wind 06,0.3520939934617133
1209,t0011,Wind 07,0.5629017213609963
1210,t0011,Wind 08,0.9511080345586687
1205,t0011,Wind 03,0.512258358348806
1365,t0012,Solar 43,0.6727858631417201
1362,t0012,Solar 40,0.6746670714610344
1363,t0012,Solar 41,0.6746670714610344
1364,t0012,Solar 42,0.6727858631417201
1366,t0012,Solar 44,0.6727858631417201
1372,t0012,Solar 04,0.03861050636737217
1368,t0012,Solar 46,0.6727858631417201
1369,t0012,Solar 47,0.6727858631417201
1370,t0012,Solar 48,0.6727858631417201
1371,t0012,Solar 49,0.6590897079042117
1367,t0012,Solar 45,0.6727858631417201
1361,t0012,Solar 03,0.2774469709982104
1347,t0012,Solar 27,0.1505706397137106
1359,t0012,Solar 38,0.90126417950035
1358,t0012,Solar 37,0.8690231769433576
1357,t0012,Solar 36,0.8475068462282234
1356,t0012,Solar 35,0.8619972675154178
1355,t0012,Solar 34,0.838967746730712
1354,t0012,Solar 33,0.8810017314809243
1353,t0012,Solar 32,0.8861389150801173
1352,t0012,Solar 31,0.7648666843469182
1351,t0012,Solar 30,0.2126896980522973
1350,t0012,Solar 02,0.6623072578207713
1349,t0012,Solar 29,0.05896156346915388
1348,t0012,Solar 28,0.05898060244505342
1373,t0012,Solar 50,0.6637126679788891
1360,t0012,Solar 39,0.6746670714610344
1374,t0012,Solar 51,0.6750565871724281
1388,t0012,Solar 64,0.9327951118952048
1376,t0012,Solar 53,0.6752277315030951
1346,t0012,Solar 26,0.03848584445569683
1402,t0012,Solar 08,0.03858628852457598
1401,t0012,Solar 07,0.03912726719979914
1400,t0012,Solar 75,0.1516580721983703
1399,t0012,Solar 74,0.1821717221622776
1398,t0012,Solar 73,0.546201296243952
1397,t0012,Solar 72,0.7826051547587024
1396,t0012,Solar 71,0.8121547051349004
1395,t0012,Solar 70,0.8079803977064601
1394,t0012,Solar 06,0.1504174829037063
1393,t0012,Solar 69,0.7840224662147771
1392,t0012,Solar 68,0.8024433927462074
1375,t0012,Solar 52,0.663569174051905
1391,t0012,Solar 67,0.69714624604437
1389,t0012,Solar 65,0.5758006090070463
1387,t0012,Solar 63,0.6972045573228066
1386,t0012,Solar 62,0.1828794740971742
1385,t0012,Solar 61,0.3916068423461116
1384,t0012,Solar 60,0.6750009528717558
1383,t0012,Solar 05,0.03780515364220566
1382,t0012,Solar 59,0.6579929601919574
1381,t0012,Solar 58,0.6637879935325357
1380,t0012,Solar 57,0.6638404475780819
1379,t0012,Solar 56,0.6863393252581913
1378,t0012,Solar 55,0.6865430149719389
1377,t0012,Solar 54,0.6634268547074164
1390,t0012,Solar 66,0.4283593903633968
1403,t0012,Solar 09,0.03858282525599316
1345,t0012,Solar 25,0.03855920476195253
1343,t0012,Solar 23,0.03907218162605518
1312,t0012,Wind 10,0.8941499127994578
1311,t0012,Hydro 43,0.0273111766282498
1310,t0012,Hydro 42,0.02644764180344899
1309,t0012,Hydro 41,0.02644764180344899
1308,t0012,Hydro 40,0.01492520375528732
1307,t0012,Hydro 35,0.2209
1306,t0012,Hydro 34,0.002816152608347792
1305,t0012,Hydro 33,0.002816152608347792
1304,t0012,Hydro 32,0.2209
1303,t0012,Hydro 31,0.2209
1302,t0012,Hydro 30,0.2209
1300,t0012,Hydro 28,0.0
1313,t0012,Wind 11,0.5850249175289023
1299,t0012,Hydro 27,0.03007435593102004
1297,t0012,Hydro 25,0.03007435593102004
1296,t0012,Hydro 24,0.0
1295,t0012,Hydro 23,0.0
1294,t0012,Hydro 22,0.0
1293,t0012,Hydro 21,0.0
1292,t0012,Hydro 20,0.0
1291,t0012,Hydro 19,0.004800752575411757
1290,t0012,Hydro 18,0.2209
1289,t0012,Hydro 17,0.2209
1288,t0012,Hydro 16,0.2209
1344,t0012,Solar 24,0.0384781643481969
1298,t0012,Hydro 26,0.03007435593102004
1314,t0012,Wind 12,0.2287130205868749
1301,t0012,Hydro 29,0.0
1316,t0012,Wind 14,0.00883327898009235
1315,t0012,Wind 13,0.3540131450509693
1341,t0012,Solar 21,0.03857432872106351
1340,t0012,Solar 20,0.05899449488586399
1339,t0012,Solar 01,0.1216672994619628
1338,t0012,Solar 19,0.0385801854660266
1337,t0012,Solar 18,0.03858388896184882
1336,t0012,Solar 17,0.03860068751392857
1335,t0012,Solar 16,0.150382635751475
1334,t0012,Solar 15,0.03858982836513429
1333,t0012,Solar 14,0.03857990532607548
1332,t0012,Solar 13,0.03923415839482808
1331,t0012,Solar 12,0.03846579586385682
1330,t0012,Solar 11,0.03864826689135743
1342,t0012,Solar 22,0.05893616712226024
1328,t0012,Wind 09,0.8742081227431746
1329,t0012,Solar 10,0.05899102564204973
1318,t0012,Wind 16,0.0003486090006481612
1319,t0012,Wind 17,0.1771609606061726
1320,t0012,Wind 01,0.4815005192000131
1321,t0012,Wind 02,0.6336514122855421
1322,t0012,Wind 03,0.572808908425664
1317,t0012,Wind 15,0.0476695487049942
1324,t0012,Wind 05,0.9123864370934636
1325,t0012,Wind 06,0.3657697710979049
1326,t0012,Wind 07,0.5627572777401434
1327,t0012,Wind 08,0.9431473649738312
1323,t0012,Wind 04,0.566467741071056
1480,t0013,Solar 41,0.7412782351884172
1481,t0013,Solar 42,0.7369612691139599
1482,t0013,Solar 43,0.7369612691139599
1490,t0013,Solar 50,0.7292422826063495
1483,t0013,Solar 44,0.7369612691139599
1486,t0013,Solar 47,0.7369612691139599
1485,t0013,Solar 46,0.7369612691139599
1487,t0013,Solar 48,0.7369612691139599
1488,t0013,Solar 49,0.7219586709638155
1489,t0013,Solar 04,0.1567349461399583
1479,t0013,Solar 40,0.7412782351884172
1484,t0013,Solar 45,0.7369612691139599
1478,t0013,Solar 03,0.1618417611257723
1472,t0013,Solar 34,0.910669163329536
1476,t0013,Solar 38,0.9883429974992801
1475,t0013,Solar 37,0.9519171826514999
1474,t0013,Solar 36,0.920008651415097
1473,t0013,Solar 35,0.9270376106462644
1471,t0013,Solar 33,0.9448750783445756
1470,t0013,Solar 32,0.9521345705672531
1469,t0013,Solar 31,0.9493881060831251
1468,t0013,Solar 30,0.2405290532819111
1467,t0013,Solar 02,0.7311386554033039
1466,t0013,Solar 29,0.1056285551811781
1465,t0013,Solar 28,0.1056626631559005
1491,t0013,Solar 51,0.7420253176546389
1477,t0013,Solar 39,0.7412782351884172
1492,t0013,Solar 52,0.7290846212509117
1464,t0013,Solar 27,0.1702791143813903
1494,t0013,Solar 54,0.7289282504467348
1520,t0013,Solar 09,0.1566225778260132
1519,t0013,Solar 08,0.1566366365697558
1518,t0013,Solar 07,0.1588326777901738
1517,t0013,Solar 75,0.2297229576259203
1516,t0013,Solar 74,0.275943286132418
1515,t0013,Solar 73,0.2939401223756196
1514,t0013,Solar 72,0.8408012888164366
1513,t0013,Solar 71,0.8830263966403782
1512,t0013,Solar 70,0.8887568210462399
1511,t0013,Solar 06,0.1701059105880174
1510,t0013,Solar 69,0.8623818090695855
1509,t0013,Solar 68,0.8718753223782448
1493,t0013,Solar 53,0.7422134402931634
1508,t0013,Solar 67,0.7824891612488201
1506,t0013,Solar 65,0.6462886921430926
1505,t0013,Solar 64,1.046985577079938
1504,t0013,Solar 63,0.78255461084941
1503,t0013,Solar 62,0.2571308354531391
1502,t0013,Solar 61,0.1330254834188568
1501,t0013,Solar 60,0.7419641641744555
1500,t0013,Solar 05,0.1534657086220242
1499,t0013,Solar 59,0.7264013229479936
1498,t0013,Solar 58,0.7293250451952359
1497,t0013,Solar 57,0.7293826781285101
1496,t0013,Solar 56,0.7526524202963178
1495,t0013,Solar 55,0.7528757902102948
1507,t0013,Solar 66,0.3506811139894632
1463,t0013,Solar 26,0.1562288953302067
1432,t0013,Wind 13,0.3190066258685264
1461,t0013,Solar 24,0.1561977188099117
1429,t0013,Wind 10,0.8877286462214639
1428,t0013,Hydro 43,0.02943875636558563
1427,t0013,Hydro 42,0.02629523166424268
1426,t0013,Hydro 41,0.02629523166424268
1425,t0013,Hydro 40,0.01608789848344166
1424,t0013,Hydro 35,0.2213
1423,t0013,Hydro 34,0.002721419645987468
1422,t0013,Hydro 33,0.002721419645987468
1421,t0013,Hydro 32,0.2213
1420,t0013,Hydro 31,0.2213
1419,t0013,Hydro 30,0.2213
1418,t0013,Hydro 29,0.0
1430,t0013,Wind 11,0.5850242317482552
1417,t0013,Hydro 28,0.0
1415,t0013,Hydro 26,0.03012881379599246
1414,t0013,Hydro 25,0.03012881379599246
1413,t0013,Hydro 24,0.0
1412,t0013,Hydro 23,0.0
1411,t0013,Hydro 22,0.0
1410,t0013,Hydro 21,0.0
1409,t0013,Hydro 20,0.0
1408,t0013,Hydro 19,0.004639596570230091
1407,t0013,Hydro 18,0.2213
1406,t0013,Hydro 17,0.2213
1405,t0013,Hydro 16,0.2213
1416,t0013,Hydro 27,0.03012881379599246
1431,t0013,Wind 12,0.272323819933562
1462,t0013,Solar 25,0.1565266931249412
1433,t0013,Wind 14,0.00773687914254005
1459,t0013,Solar 22,0.1055830580933904
1458,t0013,Solar 21,0.1565880871117009
1457,t0013,Solar 20,0.1056875512077837
1456,t0013,Solar 01,0.1615567362310796
1455,t0013,Solar 19,0.156611861899776
1454,t0013,Solar 18,0.1566268958185927
1453,t0013,Solar 17,0.1566950876244808
1452,t0013,Solar 16,0.1700665022263879
1451,t0013,Solar 15,0.156651006148698
1450,t0013,Solar 14,0.1566107247036003
1449,t0013,Solar 13,0.1592665904028784
1448,t0013,Solar 12,0.1561475103586571
1447,t0013,Solar 11,0.1568882306795793
1460,t0013,Solar 23,0.1586090641873976
1445,t0013,Wind 09,0.8653265766633674
1446,t0013,Solar 10,0.1056813361213769
1434,t0013,Wind 15,0.04561202046971321
1435,t0013,Wind 16,0.0001778675088805518
1436,t0013,Wind 17,0.09549526624338396
1438,t0013,Wind 02,0.6327791746706474
1437,t0013,Wind 01,0.3955748309302391
1440,t0013,Wind 04,0.61973764650033
1441,t0013,Wind 05,0.9073018549460462
1442,t0013,Wind 06,0.3048525011415108
1443,t0013,Wind 07,0.5551875203096337
1444,t0013,Wind 08,0.9434122424034397
1439,t0013,Wind 03,0.5781874802091019
1600,t0014,Solar 44,0.7402062753151543
1597,t0014,Solar 41,0.738067503357463
1598,t0014,Solar 42,0.7402062753151543
1599,t0014,Solar 43,0.7402062753151543
1601,t0014,Solar 45,0.7402062753151543
1607,t0014,Solar 50,0.7260836826392963
1603,t0014,Solar 47,0.7402062753151543
1604,t0014,Solar 48,0.7402062753151543
1605,t0014,Solar 49,0.7251376173514573
1606,t0014,Solar 04,0.08984717994200538
1596,t0014,Solar 40,0.738067503357463
1602,t0014,Solar 46,0.7402062753151543
1595,t0014,Solar 03,0.2107975566177819
1588,t0014,Solar 33,0.9303494041960378
1592,t0014,Solar 37,0.9561086880808692
1591,t0014,Solar 36,0.9180359773312645
1590,t0014,Solar 35,0.9231985178735
1589,t0014,Solar 34,0.9087419829018559
1587,t0014,Solar 32,0.9362297204746163
1586,t0014,Solar 31,0.9344262159815392
1585,t0014,Solar 30,0.2610463262612111
1584,t0014,Solar 02,0.6973352817630369
1583,t0014,Solar 29,0.1161274450239363
1582,t0014,Solar 28,0.116164943141303
1581,t0014,Solar 27,0.1848040253007461
1608,t0014,Solar 51,0.746322855347003
1593,t0014,Solar 38,0.9907231803741199
1609,t0014,Solar 52,0.7259267041695949
1623,t0014,Solar 65,0.632683860140608
1611,t0014,Solar 54,0.7257710106613294
1637,t0014,Solar 09,0.08978276561468716
1636,t0014,Solar 08,0.08979082468836534
1635,t0014,Solar 07,0.09104968951430381
1634,t0014,Solar 75,0.1871126724773463
1633,t0014,Solar 74,0.2247597987332896
1632,t0014,Solar 73,0.404036482519048
1631,t0014,Solar 72,0.8639072244109602
1630,t0014,Solar 71,0.8836780976118402
1629,t0014,Solar 70,0.8900792396439602
1628,t0014,Solar 06,0.184616047119575
1627,t0014,Solar 69,0.8758204279172195
1626,t0014,Solar 68,0.8833930259532855
1610,t0014,Solar 53,0.7465120675226475
1625,t0014,Solar 67,0.7660172134769125
1580,t0014,Solar 26,0.08955708995707667
1622,t0014,Solar 64,1.024945793530633
1621,t0014,Solar 63,0.7660812853173284
1620,t0014,Solar 62,0.1875508473204995
1619,t0014,Solar 61,0.3028931007771766
1618,t0014,Solar 60,0.7462613476883574
1617,t0014,Solar 05,0.08797311306170251
1616,t0014,Solar 59,0.7310932580881925
1615,t0014,Solar 58,0.7261660867548528
1614,t0014,Solar 57,0.7262234700600043
1613,t0014,Solar 56,0.7544649999432885
1612,t0014,Solar 55,0.7546889077891853
1624,t0014,Solar 66,0.4593742815308324
1579,t0014,Solar 25,0.08972780039982628
1594,t0014,Solar 39,0.738067503357463
1577,t0014,Solar 23,0.09092150462573276
1546,t0014,Wind 10,0.8950317101927108
1545,t0014,Hydro 43,0.02993808630393996
1544,t0014,Hydro 42,0.02597248078121753
1543,t0014,Hydro 41,0.02597248078121753
1542,t0014,Hydro 40,0.01636077581760033
1541,t0014,Hydro 35,0.2208
1540,t0014,Hydro 34,0.002488893283830311
1539,t0014,Hydro 33,0.002488893283830311
1538,t0014,Hydro 32,0.2208
1537,t0014,Hydro 31,0.2208
1536,t0014,Hydro 30,0.2208
1535,t0014,Hydro 29,0.0
1547,t0014,Wind 11,0.584953904361727
1534,t0014,Hydro 28,0.0
1532,t0014,Hydro 26,0.03006074146477693
1531,t0014,Hydro 25,0.03006074146477693
1530,t0014,Hydro 24,0.0
1529,t0014,Hydro 23,0.0
1528,t0014,Hydro 22,0.0
1527,t0014,Hydro 21,0.0
1526,t0014,Hydro 20,0.0
1525,t0014,Hydro 19,0.004614150885201406
1524,t0014,Hydro 18,0.2208
1523,t0014,Hydro 17,0.2208
1522,t0014,Hydro 16,0.2208
1578,t0014,Solar 24,0.08953921824117723
1533,t0014,Hydro 27,0.03006074146477693
1548,t0014,Wind 12,0.3164926922711334
1550,t0014,Wind 14,0.009099561636548448
1549,t0014,Wind 13,0.283080633214787
1575,t0014,Solar 21,0.08976299406091802
1574,t0014,Solar 20,0.116192304926872
1573,t0014,Solar 01,0.1755774753429496
1572,t0014,Solar 19,0.08977662278708828
1571,t0014,Solar 18,0.08978524087285993
1570,t0014,Solar 17,0.08982433133484717
1569,t0014,Solar 16,0.1845732772009849
1568,t0014,Solar 15,0.08979906194608425
1567,t0014,Solar 14,0.08977597089756448
1566,t0014,Solar 13,0.09129842679691308
1565,t0014,Solar 12,0.08951043660781755
1564,t0014,Solar 11,0.08993504920124092
1576,t0014,Solar 22,0.1160774257791236
1563,t0014,Solar 10,0.1161854720955057
1551,t0014,Wind 15,0.049740033298957
1552,t0014,Wind 16,0.0003146542796459532
1553,t0014,Wind 17,0.1166846917234809
1554,t0014,Wind 01,0.3635342195992148
1556,t0014,Wind 03,0.552900452854896
1555,t0014,Wind 02,0.6293520687647289
1558,t0014,Wind 05,0.9074153764770082
1559,t0014,Wind 06,0.2586622510233241
1560,t0014,Wind 07,0.548797053509603
1561,t0014,Wind 08,0.9436998789540542
1562,t0014,Wind 09,0.8862270128862167
1557,t0014,Wind 04,0.5934053291087201
1717,t0015,Solar 44,0.6781592116454572
1714,t0015,Solar 41,0.6736433801030115
1715,t0015,Solar 42,0.6781592116454572
1716,t0015,Solar 43,0.6781592116454572
1718,t0015,Solar 45,0.6781592116454572
1724,t0015,Solar 50,0.6627055980459403
1720,t0015,Solar 47,0.6781592116454572
1721,t0015,Solar 48,0.6781592116454572
1722,t0015,Solar 49,0.6643536691284545
1723,t0015,Solar 04,0.1125935496289988
1719,t0015,Solar 46,0.6781592116454572
1713,t0015,Solar 40,0.6736433801030115
1707,t0015,Solar 35,0.8432627530192757
1711,t0015,Solar 39,0.6736433801030115
1710,t0015,Solar 38,0.90994322314251
1709,t0015,Solar 37,0.8759638168161038
1708,t0015,Solar 36,0.8377068271298294
1699,t0015,Solar 28,0.04871493296092617
1706,t0015,Solar 34,0.8312719866675761
1705,t0015,Solar 33,0.8383256195102273
1704,t0015,Solar 32,0.8445451177808531
1703,t0015,Solar 31,0.8409853199081719
1702,t0015,Solar 30,0.1884621807881609
1701,t0015,Solar 02,0.5888304894070818
1700,t0015,Solar 29,0.04869920774965087
1725,t0015,Solar 51,0.6773479033376422
1712,t0015,Solar 03,0.2124468718628029
1726,t0015,Solar 52,0.6625623218463346
1740,t0015,Solar 65,0.5533767783891712
1728,t0015,Solar 54,0.6624202184469979
1698,t0015,Solar 27,0.1334191142447195
1754,t0015,Solar 09,0.1125128276991136
1753,t0015,Solar 08,0.1125229270668697
1752,t0015,Solar 07,0.1141004953260738
1751,t0015,Solar 75,0.1127617755568327
1750,t0015,Solar 74,0.135449478880328
1749,t0015,Solar 73,0.08516786240210279
1748,t0015,Solar 72,0.6691761236106668
1747,t0015,Solar 71,0.8083690162905154
1746,t0015,Solar 70,0.8166312674586533
1745,t0015,Solar 06,0.1332834035512526
1744,t0015,Solar 69,0.7537821527755406
1727,t0015,Solar 53,0.6775196285763083
1743,t0015,Solar 68,0.7445878375036917
1741,t0015,Solar 66,0.2539575150125109
1739,t0015,Solar 64,0.8964685793019334
1738,t0015,Solar 63,0.6700528026097017
1737,t0015,Solar 62,0.3651220483638928
1736,t0015,Solar 61,0.4794636469874863
1735,t0015,Solar 60,0.6772920801998048
1734,t0015,Solar 05,0.1102450302605375
1733,t0015,Solar 59,0.5772679452674493
1732,t0015,Solar 58,0.6627808093060014
1731,t0015,Solar 57,0.6628331837615469
1730,t0015,Solar 56,0.6929486736520777
1729,t0015,Solar 55,0.6931543248682958
1742,t0015,Solar 67,0.6699967621906725
1697,t0015,Solar 26,0.1122300183402478
1652,t0015,Hydro 29,0.0
1695,t0015,Solar 24,0.1122076220899442
1664,t0015,Wind 11,0.5848654909635564
1663,t0015,Wind 10,0.8984900171907046
1662,t0015,Hydro 43,0.03931680514607344
1661,t0015,Hydro 42,0.0259007583627675
1660,t0015,Hydro 41,0.0259007583627675
1659,t0015,Hydro 40,0.02148612400701537
1658,t0015,Hydro 35,0.2217
1657,t0015,Hydro 34,0.002463057021368405
1656,t0015,Hydro 33,0.002463057021368405
1655,t0015,Hydro 32,0.2217
1654,t0015,Hydro 31,0.2217
1653,t0015,Hydro 30,0.2217
1665,t0015,Wind 12,0.2275923206427262
1651,t0015,Hydro 28,0.0
1649,t0015,Hydro 26,0.03018327166096488
1648,t0015,Hydro 25,0.03018327166096488
1647,t0015,Hydro 24,0.0
1646,t0015,Hydro 23,0.0
1645,t0015,Hydro 22,0.0
1644,t0015,Hydro 21,0.0
1643,t0015,Hydro 20,0.0
1642,t0015,Hydro 19,0.005131546480784652
1641,t0015,Hydro 18,0.2217
1640,t0015,Hydro 17,0.2217
1639,t0015,Hydro 16,0.2217
1696,t0015,Solar 25,0.1124439470881541
1650,t0015,Hydro 27,0.03018327166096488
1666,t0015,Wind 13,0.2584143355383492
1668,t0015,Wind 15,0.06279312961148259
1667,t0015,Wind 14,0.009544197587025625
1693,t0015,Solar 22,0.04867823167811058
1692,t0015,Solar 21,0.1124880506340793
1691,t0015,Solar 20,0.04872640739988909
1690,t0015,Solar 01,0.1556945337093752
1689,t0015,Solar 19,0.112505129708318
1688,t0015,Solar 18,0.1125159296117619
1687,t0015,Solar 17,0.112564916501218
1686,t0015,Solar 16,0.133252525843663
1685,t0015,Solar 15,0.1125332497290437
1684,t0015,Solar 14,0.1125043127816712
1683,t0015,Solar 13,0.1144122047597158
1682,t0015,Solar 12,0.1121715538876234
1694,t0015,Solar 23,0.1139398582128966
1673,t0015,Wind 03,0.489412726770975
1680,t0015,Solar 10,0.04872354198358558
1679,t0015,Wind 09,0.8815616912767108
1678,t0015,Wind 08,0.9466550800804457
1677,t0015,Wind 07,0.5318369374938915
1676,t0015,Wind 06,0.2391936558040946
1675,t0015,Wind 05,0.9133190040235908
1674,t0015,Wind 04,0.477876082744434
1681,t0015,Solar 11,0.1127036645130389
1672,t0015,Wind 02,0.6277519999004105
1671,t0015,Wind 01,0.3221559780351356
1670,t0015,Wind 17,0.1134214255232468
1669,t0015,Wind 16,0.0002461476652484615
1834,t0016,Solar 44,0.49014991510564
1816,t0016,Solar 28,0.04339251849965082
1832,t0016,Solar 42,0.49014991510564
1833,t0016,Solar 43,0.49014991510564
1835,t0016,Solar 45,0.49014991510564
1841,t0016,Solar 50,0.5418489626819871
1837,t0016,Solar 47,0.49014991510564
1838,t0016,Solar 48,0.49014991510564
1839,t0016,Solar 49,0.4801717486566772
1840,t0016,Solar 04,0.1419583566870062
1836,t0016,Solar 46,0.49014991510564
1831,t0016,Solar 41,0.5507920376750789
1823,t0016,Solar 34,0.6733793733214584
1829,t0016,Solar 03,0.2551311635939671
1827,t0016,Solar 38,0.7411930866730501
1826,t0016,Solar 37,0.6331162108765884
1825,t0016,Solar 36,0.680547025058408
1824,t0016,Solar 35,0.6813584839424666
1822,t0016,Solar 33,0.6621394845169425
1821,t0016,Solar 32,0.6687194552683164
1820,t0016,Solar 31,0.5952030574637369
1819,t0016,Solar 30,0.1273333311807502
1818,t0016,Solar 02,0.4601012780466798
1817,t0016,Solar 29,0.04337851136714136
1842,t0016,Solar 51,0.5531617349012115
1830,t0016,Solar 40,0.5507920376750789
1843,t0016,Solar 52,0.5417318155500441
1857,t0016,Solar 65,0.3000424040464506
1845,t0016,Solar 54,0.5416156273365272
1815,t0016,Solar 27,0.0901438165944885
1871,t0016,Solar 09,0.1418565821843557
1870,t0016,Solar 08,0.1418693155039371
1869,t0016,Solar 07,0.1438583193001238
1868,t0016,Solar 75,0.117812667597509
1867,t0016,Solar 74,0.1415166119261852
1866,t0016,Solar 73,0.2352885087641592
1865,t0016,Solar 72,0.5488361491942897
1864,t0016,Solar 71,0.6542052173849939
1863,t0016,Solar 70,0.5673983533790886
1862,t0016,Solar 06,0.09005212448626904
1861,t0016,Solar 69,0.4109440294299919
1844,t0016,Solar 53,0.5533019757294189
1860,t0016,Solar 68,0.6094345943581083
1858,t0016,Solar 66,0.1177850770987457
1856,t0016,Solar 64,0.4860677176748
1855,t0016,Solar 63,0.3633044637657133
1854,t0016,Solar 62,0.3758895993370861
1853,t0016,Solar 61,0.3272842642413376
1852,t0016,Solar 60,0.5531161464766803
1851,t0016,Solar 05,0.1389973349296058
1850,t0016,Solar 59,0.4811877407389784
1849,t0016,Solar 58,0.5419104577762883
1848,t0016,Solar 57,0.5419532807801858
1847,t0016,Solar 56,0.5644404543795815
1846,t0016,Solar 55,0.5646079673142879
1859,t0016,Solar 67,0.3632740784971125
1814,t0016,Solar 26,0.1415000151165928
1828,t0016,Solar 39,0.5507920376750789
1813,t0016,Solar 25,0.1417697372596546
1781,t0016,Wind 11,0.5846245756410662
1780,t0016,Wind 10,0.8841884998840421
1779,t0016,Hydro 43,0.04524363441436612
1778,t0016,Hydro 42,0.0259007583627675
1777,t0016,Hydro 41,0.0259007583627675
1776,t0016,Hydro 40,0.0247250593211596
1775,t0016,Hydro 35,0.223
1774,t0016,Hydro 34,0.002471669108855707
1773,t0016,Hydro 33,0.002471669108855707
1772,t0016,Hydro 32,0.223
1771,t0016,Hydro 31,0.223
1770,t0016,Hydro 30,0.223
1782,t0016,Wind 12,0.06641966013886298
1769,t0016,Hydro 29,0.0
1767,t0016,Hydro 27,0.03036025972212526
1766,t0016,Hydro 26,0.03036025972212526
1765,t0016,Hydro 25,0.03036025972212526
1764,t0016,Hydro 24,0.0
1763,t0016,Hydro 23,0.0
1762,t0016,Hydro 22,0.0007490499758413101
1761,t0016,Hydro 21,0.0007490499758413101
1760,t0016,Hydro 20,0.0007490499758413101
1759,t0016,Hydro 19,0.004953426685583862
1758,t0016,Hydro 18,0.223
1757,t0016,Hydro 17,0.223
1756,t0016,Hydro 16,0.223
1768,t0016,Hydro 28,0.0
1783,t0016,Wind 13,0.1487771083769521
1785,t0016,Wind 15,0.0748372524016582
1811,t0016,Solar 23,0.1436557874438607
1810,t0016,Solar 22,0.04335982706405312
1809,t0016,Solar 21,0.1418253431706873
1808,t0016,Solar 20,0.04340273928360158
1807,t0016,Solar 01,0.1249973760713476
1806,t0016,Solar 19,0.141846876529576
1805,t0016,Solar 18,0.1418604930870988
1784,t0016,Wind 14,0.009088833057653475
1803,t0016,Solar 16,0.09003126215012214
1802,t0016,Solar 15,0.1418823303539316
1801,t0016,Solar 14,0.1418458465454902
1800,t0016,Solar 13,0.1442513236872262
1799,t0016,Solar 12,0.1414263029221857
1804,t0016,Solar 17,0.141922255935409
1812,t0016,Solar 24,0.1414717778427924
1798,t0016,Solar 11,0.1420971899331076
1787,t0016,Wind 17,0.09496838408140068
1788,t0016,Wind 01,0.2509807460499843
1789,t0016,Wind 02,0.6136184406127712
1790,t0016,Wind 03,0.5075774623378281
1791,t0016,Wind 04,0.391322236200158
1786,t0016,Wind 16,4.613715008188087e-05
1793,t0016,Wind 06,0.1645265019467635
1794,t0016,Wind 07,0.5083273927737675
1795,t0016,Wind 08,0.9357755223680904
1796,t0016,Wind 09,0.8634920239299638
1797,t0016,Solar 10,0.04340018693214789
1792,t0016,Wind 05,0.9058838196500855
1947,t0017,Solar 40,0.3422723926452589
1948,t0017,Solar 41,0.3422723926452589
1949,t0017,Solar 42,0.262772966863832
1950,t0017,Solar 43,0.262772966863832
1951,t0017,Solar 44,0.262772966863832
1954,t0017,Solar 47,0.262772966863832
1953,t0017,Solar 46,0.262772966863832
1955,t0017,Solar 48,0.262772966863832
1956,t0017,Solar 49,0.2574235985974109
1957,t0017,Solar 04,0.1257234801944314
1952,t0017,Solar 45,0.262772966863832
1946,t0017,Solar 03,0.1452856475571773
1932,t0017,Solar 27,0.04638390410084673
1944,t0017,Solar 38,0.452919135034258
1943,t0017,Solar 37,0.3394182473045466
1942,t0017,Solar 36,0.4364489005917844
1941,t0017,Solar 35,0.4336397316052489
1940,t0017,Solar 34,0.4318050671717016
1939,t0017,Solar 33,0.4043343917901985
1938,t0017,Solar 32,0.4104903870284399
1937,t0017,Solar 31,0.4031050822591563
1936,t0017,Solar 30,0.06551993520419
1935,t0017,Solar 02,0.2809682768336755
1934,t0017,Solar 29,0.05368390815109153
1933,t0017,Solar 28,0.05370124294639453
1958,t0017,Solar 50,0.3367149998978763
1945,t0017,Solar 39,0.3422723926452589
1959,t0017,Solar 51,0.3195815861198223
1973,t0017,Solar 64,0.4126953303946881
1961,t0017,Solar 53,0.3196626083299453
1931,t0017,Solar 26,0.1253175562411327
1987,t0017,Solar 08,0.1256446220864813
1986,t0017,Solar 07,0.1274061561392305
1985,t0017,Solar 75,0.08449530617401532
1984,t0017,Solar 74,0.1014957873143444
1983,t0017,Solar 73,0.1865624590089756
1982,t0017,Solar 72,0.3421585287585485
1981,t0017,Solar 71,0.4038895884301724
1980,t0017,Solar 70,0.3736194187677547
1979,t0017,Solar 06,0.04633672351636383
1978,t0017,Solar 69,0.3074151475852269
1977,t0017,Solar 68,0.3760362138372521
1960,t0017,Solar 52,0.3366422024963186
1976,t0017,Solar 67,0.3084375085973025
1974,t0017,Solar 65,0.2547507159346297
1972,t0017,Solar 63,0.30846330718052
1971,t0017,Solar 62,0.2823287601706697
1970,t0017,Solar 61,0.2526289550264827
1969,t0017,Solar 60,0.3195552480344103
1968,t0017,Solar 05,0.1231010917069917
1967,t0017,Solar 59,0.3057661133746208
1966,t0017,Solar 58,0.3367532140905706
1965,t0017,Solar 57,0.3367798250998114
1964,t0017,Solar 56,0.3449113152464031
1963,t0017,Solar 55,0.3450136769856851
1962,t0017,Solar 54,0.3365700009844642
1975,t0017,Solar 66,0.09157225546423321
1930,t0017,Solar 25,0.125556431974148
1988,t0017,Solar 09,0.1256333449958638
1928,t0017,Solar 23,0.1272267865662524
1897,t0017,Wind 10,0.8739729326154156
1896,t0017,Hydro 43,0.04635084427767354
1895,t0017,Hydro 42,0.0259993766881363
1894,t0017,Hydro 41,0.0259993766881363
1893,t0017,Hydro 40,0.02533013514907665
1892,t0017,Hydro 35,0.2236
1891,t0017,Hydro 34,0.002497505371317613
1890,t0017,Hydro 33,0.002497505371317613
1889,t0017,Hydro 32,0.2236
1888,t0017,Hydro 31,0.2236
1887,t0017,Hydro 30,0.2236
1886,t0017,Hydro 29,0.0
1898,t0017,Wind 11,0.5774507899253905
1885,t0017,Hydro 28,0.0
1883,t0017,Hydro 26,0.03044194651958389
1882,t0017,Hydro 25,0.03044194651958389
1881,t0017,Hydro 24,0.0
1880,t0017,Hydro 23,0.0
1879,t0017,Hydro 22,0.01565514449508338
1878,t0017,Hydro 21,0.01565514449508338
1877,t0017,Hydro 20,0.01565514449508338
1876,t0017,Hydro 19,0.004656560360249213
1875,t0017,Hydro 18,0.2236
1874,t0017,Hydro 17,0.2236
1873,t0017,Hydro 16,0.2236
1884,t0017,Hydro 27,0.03044194651958389
1899,t0017,Wind 12,0.02786640691817251
1929,t0017,Solar 24,0.1252925482851641
1901,t0017,Wind 14,0.006264656938176274
1927,t0017,Solar 22,0.05366078503369454
1926,t0017,Solar 21,0.1256056785899696
1925,t0017,Solar 20,0.05371389187346815
1924,t0017,Solar 01,0.09282876786330199
1923,t0017,Solar 19,0.125624749315237
1922,t0017,Solar 18,0.1256368086334761
1921,t0017,Solar 17,0.1256915080567259
1900,t0017,Wind 13,0.03286809638222776
1919,t0017,Solar 15,0.1256561485106648
1918,t0017,Solar 14,0.1256238371238958
1917,t0017,Solar 13,0.1277542151082927
1916,t0017,Solar 12,0.1252522740426779
1915,t0017,Solar 11,0.1258464359631081
1920,t0017,Solar 16,0.04632598870796849
1913,t0017,Wind 09,0.8646770421160481
1914,t0017,Solar 10,0.0537107331620073
1902,t0017,Wind 15,0.09813881183589461
1903,t0017,Wind 16,0.0
1904,t0017,Wind 17,0.1435426273237338
1906,t0017,Wind 02,0.523194162405129
1905,t0017,Wind 01,0.17198415425862
1908,t0017,Wind 04,0.45659726899666
1909,t0017,Wind 05,0.8928778663305436
1910,t0017,Wind 06,0.0637753809933585
1911,t0017,Wind 07,0.4174902644068897
1912,t0017,Wind 08,0.9243247885760782
1907,t0017,Wind 03,0.6021219575571929
2067,t0018,Solar 43,0.07253333302263543
2064,t0018,Solar 40,0.09904262769068228
2065,t0018,Solar 41,0.09904262769068228
2066,t0018,Solar 42,0.07253333302263543
2068,t0018,Solar 44,0.07253333302263543
2074,t0018,Solar 04,0.02142046828071381
2070,t0018,Solar 46,0.07253333302263543
2071,t0018,Solar 47,0.07253333302263543
2072,t0018,Solar 48,0.07253333302263543
2073,t0018,Solar 49,0.07105674464080973
2069,t0018,Solar 45,0.07253333302263543
2063,t0018,Solar 03,0.03229590578525719
2049,t0018,Solar 27,0.007245081089019983
2061,t0018,Solar 38,0.1283253864864435
2060,t0018,Solar 37,0.09368976215295963
2059,t0018,Solar 36,0.112523586686232
2058,t0018,Solar 35,0.1119803967778733
2057,t0018,Solar 34,0.1112868678110736
2056,t0018,Solar 33,0.08326617693352577
2055,t0018,Solar 32,0.08537732867842558
2054,t0018,Solar 31,0.08164220154675343
2053,t0018,Solar 30,0.01023409419072656
2052,t0018,Solar 02,0.09238744750685561
2051,t0018,Solar 29,0.0269010280142285
2050,t0018,Solar 28,0.02690971448714235
2075,t0018,Solar 50,0.09743449687838956
2062,t0018,Solar 39,0.09904262769068228
2076,t0018,Solar 51,0.09366361971303132
2090,t0018,Solar 64,0.1603689497354824
2078,t0018,Solar 53,0.09368736586677377
2048,t0018,Solar 26,0.021351307920592
2104,t0018,Solar 08,0.02140703262336956
2103,t0018,Solar 07,0.02170715861609553
2102,t0018,Solar 75,0.01787872765403883
2101,t0018,Solar 74,0.02147593306175228
2100,t0018,Solar 73,0.0744007312841
2099,t0018,Solar 72,0.08207588456526152
2098,t0018,Solar 71,0.1010813587722488
2097,t0018,Solar 70,0.1148324843945713
2096,t0018,Solar 06,0.007237711567910632
2095,t0018,Solar 69,0.07777543305474188
2094,t0018,Solar 68,0.09906531975543947
2077,t0018,Solar 52,0.09741343165053475
2093,t0018,Solar 67,0.1198554858022565
2091,t0018,Solar 65,0.09899337780179662
2089,t0018,Solar 63,0.1198655108531615
2088,t0018,Solar 62,0.0921248134604043
2087,t0018,Solar 61,0.08553669021838173
2086,t0018,Solar 60,0.09365590049351667
2085,t0018,Solar 05,0.02097367195175417
2084,t0018,Solar 59,0.09239230223781643
2083,t0018,Solar 58,0.09744555483731611
2082,t0018,Solar 57,0.09745325520794884
2081,t0018,Solar 56,0.09772357670248231
2080,t0018,Solar 55,0.09775257881067015
2079,t0018,Solar 54,0.09739253885400523
2092,t0018,Solar 66,0.01980027726547976
2105,t0018,Solar 09,0.02140511125942475
2047,t0018,Solar 25,0.02139200700125835
2045,t0018,Solar 23,0.0216765980537999
2014,t0018,Wind 10,0.8818970662403012
2013,t0018,Hydro 43,0.0453956043956044
2012,t0018,Hydro 42,0.02634005817577394
2011,t0018,Hydro 41,0.02634005817577394
2010,t0018,Hydro 40,0.0248081089445992
2009,t0018,Hydro 35,0.2222
2008,t0018,Hydro 34,0.002583626246190634
2007,t0018,Hydro 33,0.002583626246190634
2006,t0018,Hydro 32,0.2222
2005,t0018,Hydro 31,0.2222
2004,t0018,Hydro 30,0.2222
2002,t0018,Hydro 28,0.0
2015,t0018,Wind 11,0.5237127423641794
2001,t0018,Hydro 27,0.03025134399218041
1999,t0018,Hydro 25,0.03025134399218041
1998,t0018,Hydro 24,0.0
1997,t0018,Hydro 23,0.0
1996,t0018,Hydro 22,0.02010262872664116
1995,t0018,Hydro 21,0.02010262872664116
1994,t0018,Hydro 20,0.02010262872664116
1993,t0018,Hydro 19,0.00469896983529702
1992,t0018,Hydro 18,0.2222
1991,t0018,Hydro 17,0.2222
1990,t0018,Hydro 16,0.2222
2046,t0018,Solar 24,0.02134704712438462
2000,t0018,Hydro 26,0.03025134399218041
2016,t0018,Wind 12,0.035585592813128
2003,t0018,Hydro 29,0.0
2018,t0018,Wind 14,0.0058778214176518
2017,t0018,Wind 13,0.05411249711158194
2043,t0018,Solar 21,0.02140039752282606
2042,t0018,Solar 20,0.02691605286959762
2041,t0018,Solar 01,0.02902183865406168
2040,t0018,Solar 19,0.0214036467477525
2039,t0018,Solar 18,0.02140570138578373
2038,t0018,Solar 17,0.02141502094374445
2037,t0018,Solar 16,0.00723603481044903
2036,t0018,Solar 15,0.02140899646817588
2035,t0018,Solar 14,0.02140349133075585
2034,t0018,Solar 13,0.02176646007748585
2033,t0018,Solar 12,0.02134018529449909
2032,t0018,Solar 11,0.02144141719287248
2044,t0018,Solar 22,0.02688944101077995
2030,t0018,Wind 09,0.8645425820026625
2031,t0018,Solar 10,0.02691447003801143
2020,t0018,Wind 16,0.0
2021,t0018,Wind 17,0.1725327987090147
2022,t0018,Wind 01,0.1526840455403974
2023,t0018,Wind 02,0.5043196007420789
2024,t0018,Wind 03,0.6263428366451841
2019,t0018,Wind 15,0.132356984296534
2026,t0018,Wind 05,0.898297544744928
2027,t0018,Wind 06,0.08515226395450083
2028,t0018,Wind 07,0.3224892923239138
2029,t0018,Wind 08,0.9414604982333191
2025,t0018,Wind 04,0.462907137254592
2181,t0019,Solar 40,0.0
2182,t0019,Solar 41,0.0
2183,t0019,Solar 42,0.0
2191,t0019,Solar 04,0.0
2184,t0019,Solar 43,0.0
2187,t0019,Solar 46,0.0
2186,t0019,Solar 45,0.0
2188,t0019,Solar 47,0.0
2189,t0019,Solar 48,0.0
2190,t0019,Solar 49,0.0
2180,t0019,Solar 03,0.0
2185,t0019,Solar 44,0.0
2179,t0019,Solar 39,0.0
2173,t0019,Solar 33,0.0
2177,t0019,Solar 37,0.0
2176,t0019,Solar 36,0.0
2175,t0019,Solar 35,0.0
2174,t0019,Solar 34,0.0
2172,t0019,Solar 32,0.0
2171,t0019,Solar 31,0.0
2170,t0019,Solar 30,0.0
2169,t0019,Solar 02,0.0
2168,t0019,Solar 29,0.0
2167,t0019,Solar 28,0.0
2166,t0019,Solar 27,0.0
2192,t0019,Solar 50,0.0
2178,t0019,Solar 38,0.0
2193,t0019,Solar 51,0.0
2222,t0019,Solar 09,0.0
2195,t0019,Solar 53,0.0
2221,t0019,Solar 08,0.0
2220,t0019,Solar 07,0.0
2219,t0019,Solar 75,0.0
2218,t0019,Solar 74,0.0
2217,t0019,Solar 73,0.0
2216,t0019,Solar 72,0.0
2215,t0019,Solar 71,0.0
2214,t0019,Solar 70,0.0
2213,t0019,Solar 06,0.0
2212,t0019,Solar 69,0.0
2211,t0019,Solar 68,0.0
2210,t0019,Solar 67,0.0
2194,t0019,Solar 52,0.0
2209,t0019,Solar 66,0.0
2207,t0019,Solar 64,0.0
2206,t0019,Solar 63,0.0
2205,t0019,Solar 62,0.0
2204,t0019,Solar 61,0.0
2203,t0019,Solar 60,0.0
2202,t0019,Solar 05,0.0
2201,t0019,Solar 59,0.0
2200,t0019,Solar 58,0.0
2199,t0019,Solar 57,0.0
2198,t0019,Solar 56,0.0
2197,t0019,Solar 55,0.0
2196,t0019,Solar 54,0.0
2208,t0019,Solar 65,0.0
2165,t0019,Solar 26,0.0
2164,t0019,Solar 25,0.0
2162,t0019,Solar 23,0.0
2131,t0019,Wind 10,0.8916482167467349
2130,t0019,Hydro 43,0.06994961136424552
2129,t0019,Hydro 42,0.02648350301267401
2128,t0019,Hydro 41,0.02648350301267401
2127,t0019,Hydro 40,0.03822655524605385
2126,t0019,Hydro 35,0.2205
2125,t0019,Hydro 34,0.00350511960733196
2124,t0019,Hydro 33,0.00350511960733196
2123,t0019,Hydro 32,0.2205
2122,t0019,Hydro 31,0.2205
2121,t0019,Hydro 30,0.2205
2120,t0019,Hydro 29,0.0
2132,t0019,Wind 11,0.5581420052372686
2119,t0019,Hydro 28,0.0
2117,t0019,Hydro 26,0.03001989806604762
2116,t0019,Hydro 25,0.03001989806604762
2115,t0019,Hydro 24,0.0
2114,t0019,Hydro 23,0.0
2113,t0019,Hydro 22,0.01929740000261175
2112,t0019,Hydro 21,0.01929740000261175
2111,t0019,Hydro 20,0.01929740000261175
2110,t0019,Hydro 19,0.007277465918203687
2109,t0019,Hydro 18,0.2205
2108,t0019,Hydro 17,0.2205
2107,t0019,Hydro 16,0.2205
2118,t0019,Hydro 27,0.03001989806604762
2133,t0019,Wind 12,0.1095150454901826
2163,t0019,Solar 24,0.0
2135,t0019,Wind 14,0.0059661930364418
2161,t0019,Solar 22,0.0
2160,t0019,Solar 21,0.0
2159,t0019,Solar 20,0.0
2158,t0019,Solar 01,0.0
2157,t0019,Solar 19,0.0
2156,t0019,Solar 18,0.0
2155,t0019,Solar 17,0.0
2154,t0019,Solar 16,0.0
2153,t0019,Solar 15,0.0
2152,t0019,Solar 14,0.0
2151,t0019,Solar 13,0.0
2150,t0019,Solar 12,0.0
2149,t0019,Solar 11,0.0
2134,t0019,Wind 13,0.1231099088029639
2147,t0019,Wind 09,0.872515934240012
2148,t0019,Solar 10,0.0
2136,t0019,Wind 15,0.178839881543593
2137,t0019,Wind 16,2.694039001370709e-05
2138,t0019,Wind 17,0.1404990930520789
2140,t0019,Wind 02,0.5005550870779764
2139,t0019,Wind 01,0.1689585728257522
2142,t0019,Wind 04,0.428569026536274
2143,t0019,Wind 05,0.9059991075189608
2144,t0019,Wind 06,0.1310817741764809
2145,t0019,Wind 07,0.3478463467242295
2146,t0019,Wind 08,0.9418149357000181
2141,t0019,Wind 03,0.6151208811018349
2301,t0020,Solar 43,0.0
2298,t0020,Solar 40,0.0
2299,t0020,Solar 41,0.0
2300,t0020,Solar 42,0.0
2302,t0020,Solar 44,0.0
2308,t0020,Solar 04,0.0
2304,t0020,Solar 46,0.0
2305,t0020,Solar 47,0.0
2306,t0020,Solar 48,0.0
2307,t0020,Solar 49,0.0
2297,t0020,Solar 03,0.0
2303,t0020,Solar 45,0.0
2296,t0020,Solar 39,0.0
2290,t0020,Solar 33,0.0
2294,t0020,Solar 37,0.0
2293,t0020,Solar 36,0.0
2292,t0020,Solar 35,0.0
2291,t0020,Solar 34,0.0
2289,t0020,Solar 32,0.0
2288,t0020,Solar 31,0.0
2287,t0020,Solar 30,0.0
2286,t0020,Solar 02,0.0
2285,t0020,Solar 29,0.0
2284,t0020,Solar 28,0.0
2283,t0020,Solar 27,0.0
2309,t0020,Solar 50,0.0
2295,t0020,Solar 38,0.0
2310,t0020,Solar 51,0.0
2324,t0020,Solar 64,0.0
2312,t0020,Solar 53,0.0
2338,t0020,Solar 08,0.0
2337,t0020,Solar 07,0.0
2336,t0020,Solar 75,0.0
2335,t0020,Solar 74,0.0
2334,t0020,Solar 73,0.0
2333,t0020,Solar 72,0.0
2332,t0020,Solar 71,0.0
2331,t0020,Solar 70,0.0
2330,t0020,Solar 06,0.0
2329,t0020,Solar 69,0.0
2328,t0020,Solar 68,0.0
2327,t0020,Solar 67,0.0
2311,t0020,Solar 52,0.0
2326,t0020,Solar 66,0.0
2282,t0020,Solar 26,0.0
2323,t0020,Solar 63,0.0
2322,t0020,Solar 62,0.0
2321,t0020,Solar 61,0.0
2320,t0020,Solar 60,0.0
2319,t0020,Solar 05,0.0
2318,t0020,Solar 59,0.0
2317,t0020,Solar 58,0.0
2316,t0020,Solar 57,0.0
2315,t0020,Solar 56,0.0
2314,t0020,Solar 55,0.0
2313,t0020,Solar 54,0.0
2325,t0020,Solar 65,0.0
2281,t0020,Solar 25,0.0
2339,t0020,Solar 09,0.0
2279,t0020,Solar 23,0.0
2248,t0020,Wind 10,0.8972838075702108
2247,t0020,Hydro 43,0.09226748860895202
2246,t0020,Hydro 42,0.0264655724080615
2245,t0020,Hydro 41,0.0264655724080615
2244,t0020,Hydro 40,0.05042298565975446
2243,t0020,Hydro 35,0.221
2242,t0020,Hydro 34,0.03026287543037963
2241,t0020,Hydro 33,0.03026287543037963
2240,t0020,Hydro 32,0.221
2239,t0020,Hydro 31,0.221
2238,t0020,Hydro 30,0.221
2237,t0020,Hydro 29,0.0
2249,t0020,Wind 11,0.5690887788163349
2236,t0020,Hydro 28,0.0
2234,t0020,Hydro 26,0.03008797039726314
2233,t0020,Hydro 25,0.03008797039726314
2232,t0020,Hydro 24,0.0
2231,t0020,Hydro 23,0.0
2230,t0020,Hydro 22,0.0007490499758413101
2229,t0020,Hydro 21,0.0007490499758413101
2228,t0020,Hydro 20,0.0007490499758413101
2227,t0020,Hydro 19,0.008905989760039479
2226,t0020,Hydro 18,0.221
2225,t0020,Hydro 17,0.221
2224,t0020,Hydro 16,0.221
2235,t0020,Hydro 27,0.03008797039726314
2250,t0020,Wind 12,0.1587156603293528
2280,t0020,Solar 24,0.0
2252,t0020,Wind 14,0.007401898242679125
2278,t0020,Solar 22,0.0
2277,t0020,Solar 21,0.0
2276,t0020,Solar 20,0.0
2275,t0020,Solar 01,0.0
2274,t0020,Solar 19,0.0
2273,t0020,Solar 18,0.0
2272,t0020,Solar 17,0.0
2251,t0020,Wind 13,0.1635057765983186
2270,t0020,Solar 15,0.0
2269,t0020,Solar 14,0.0
2268,t0020,Solar 13,0.0
2267,t0020,Solar 12,0.0
2266,t0020,Solar 11,0.0
2271,t0020,Solar 16,0.0
2264,t0020,Wind 09,0.8815277044754758
2265,t0020,Solar 10,0.0
2253,t0020,Wind 15,0.225010698600378
2254,t0020,Wind 16,0.001059075064167211
2255,t0020,Wind 17,0.1834916181628883
2257,t0020,Wind 02,0.5006749951031079
2256,t0020,Wind 01,0.1612631651528122
2259,t0020,Wind 04,0.262455095971542
2260,t0020,Wind 05,0.9122057352337363
2261,t0020,Wind 06,0.1714214247402469
2262,t0020,Wind 07,0.3406039688871469
2263,t0020,Wind 08,0.9470490303056266
2258,t0020,Wind 03,0.457024006654282
2418,t0021,Solar 43,0.0
2415,t0021,Solar 40,0.0
2416,t0021,Solar 41,0.0
2417,t0021,Solar 42,0.0
2419,t0021,Solar 44,0.0
2425,t0021,Solar 04,0.0
2421,t0021,Solar 46,0.0
2422,t0021,Solar 47,0.0
2423,t0021,Solar 48,0.0
2424,t0021,Solar 49,0.0
2420,t0021,Solar 45,0.0
2414,t0021,Solar 03,0.0
2400,t0021,Solar 27,0.0
2412,t0021,Solar 38,0.0
2411,t0021,Solar 37,0.0
2410,t0021,Solar 36,0.0
2409,t0021,Solar 35,0.0
2408,t0021,Solar 34,0.0
2407,t0021,Solar 33,0.0
2406,t0021,Solar 32,0.0
2405,t0021,Solar 31,0.0
2404,t0021,Solar 30,0.0
2403,t0021,Solar 02,0.0
2402,t0021,Solar 29,0.0
2401,t0021,Solar 28,0.0
2426,t0021,Solar 50,0.0
2413,t0021,Solar 39,0.0
2427,t0021,Solar 51,0.0
2441,t0021,Solar 64,0.0
2429,t0021,Solar 53,0.0
2399,t0021,Solar 26,0.0
2455,t0021,Solar 08,0.0
2454,t0021,Solar 07,0.0
2453,t0021,Solar 75,0.0
2452,t0021,Solar 74,0.0
2451,t0021,Solar 73,0.0
2450,t0021,Solar 72,0.0
2449,t0021,Solar 71,0.0
2448,t0021,Solar 70,0.0
2447,t0021,Solar 06,0.0
2446,t0021,Solar 69,0.0
2445,t0021,Solar 68,0.0
2428,t0021,Solar 52,0.0
2444,t0021,Solar 67,0.0
2442,t0021,Solar 65,0.0
2440,t0021,Solar 63,0.0
2439,t0021,Solar 62,0.0
2438,t0021,Solar 61,0.0
2437,t0021,Solar 60,0.0
2436,t0021,Solar 05,0.0
2435,t0021,Solar 59,0.0
2434,t0021,Solar 58,0.0
2433,t0021,Solar 57,0.0
2432,t0021,Solar 56,0.0
2431,t0021,Solar 55,0.0
2430,t0021,Solar 54,0.0
2443,t0021,Solar 66,0.0
2456,t0021,Solar 09,0.0
2398,t0021,Solar 25,0.0
2396,t0021,Solar 23,0.0
2365,t0021,Wind 10,0.9014095055593976
2364,t0021,Hydro 43,0.08219404985258644
2363,t0021,Hydro 42,0.02630419696654893
2362,t0021,Hydro 41,0.02630419696654893
2361,t0021,Hydro 40,0.04491798204890127
2360,t0021,Hydro 35,0.232
2359,t0021,Hydro 34,0.03435361698684813
2358,t0021,Hydro 33,0.03435361698684813
2357,t0021,Hydro 32,0.232
2356,t0021,Hydro 31,0.232
2355,t0021,Hydro 30,0.232
2353,t0021,Hydro 28,0.0
2366,t0021,Wind 11,0.5565437266046861
2352,t0021,Hydro 27,0.03158556168400475
2350,t0021,Hydro 25,0.03158556168400475
2349,t0021,Hydro 24,0.0
2348,t0021,Hydro 23,0.0
2347,t0021,Hydro 22,0.0
2346,t0021,Hydro 21,0.0
2345,t0021,Hydro 20,0.0
2344,t0021,Hydro 19,0.008303775214360619
2343,t0021,Hydro 18,0.232
2342,t0021,Hydro 17,0.232
2341,t0021,Hydro 16,0.232
2397,t0021,Solar 24,0.0
2351,t0021,Hydro 26,0.03158556168400475
2367,t0021,Wind 12,0.2884105934050821
2354,t0021,Hydro 29,0.0
2369,t0021,Wind 14,0.007506905743214676
2368,t0021,Wind 13,0.1655453374377553
2394,t0021,Solar 21,0.0
2393,t0021,Solar 20,0.0
2392,t0021,Solar 01,0.0
2391,t0021,Solar 19,0.0
2390,t0021,Solar 18,0.0
2389,t0021,Solar 17,0.0
2388,t0021,Solar 16,0.0
2387,t0021,Solar 15,0.0
2386,t0021,Solar 14,0.0
2385,t0021,Solar 13,0.0
2384,t0021,Solar 12,0.0
2383,t0021,Solar 11,0.0
2395,t0021,Solar 22,0.0
2381,t0021,Wind 09,0.8899479006830362
2382,t0021,Solar 10,0.0
2370,t0021,Wind 15,0.207571714564716
2371,t0021,Wind 16,0.005753909883824295
2372,t0021,Wind 17,0.2352169199821639
2373,t0021,Wind 01,0.2314366112634139
2375,t0021,Wind 03,0.394484198242141
2374,t0021,Wind 02,0.5020591217430894
2377,t0021,Wind 05,0.9162785809892908
2378,t0021,Wind 06,0.2022384461764291
2379,t0021,Wind 07,0.4261041174276409
2380,t0021,Wind 08,0.9523638167718432
2376,t0021,Wind 04,0.138267056452384
2534,t0022,Solar 42,0.0
2533,t0022,Solar 41,0.0
2532,t0022,Solar 40,0.0
2535,t0022,Solar 43,0.0
2541,t0022,Solar 49,0.0
2537,t0022,Solar 45,0.0
2538,t0022,Solar 46,0.0
2539,t0022,Solar 47,0.0
2540,t0022,Solar 48,0.0
2542,t0022,Solar 04,0.0
2536,t0022,Solar 44,0.0
2531,t0022,Solar 03,0.0
2525,t0022,Solar 34,0.0
2529,t0022,Solar 38,0.0
2528,t0022,Solar 37,0.0
2527,t0022,Solar 36,0.0
2526,t0022,Solar 35,0.0
2524,t0022,Solar 33,0.0
2523,t0022,Solar 32,0.0
2522,t0022,Solar 31,0.0
2521,t0022,Solar 30,0.0
2520,t0022,Solar 02,0.0
2519,t0022,Solar 29,0.0
2518,t0022,Solar 28,0.0
2543,t0022,Solar 50,0.0
2517,t0022,Solar 27,0.0
2530,t0022,Solar 39,0.0
2544,t0022,Solar 51,0.0
2558,t0022,Solar 64,0.0
2546,t0022,Solar 53,0.0
2573,t0022,Solar 09,0.0
2572,t0022,Solar 08,0.0
2571,t0022,Solar 07,0.0
2570,t0022,Solar 75,0.0
2569,t0022,Solar 74,0.0
2568,t0022,Solar 73,0.0
2567,t0022,Solar 72,0.0
2566,t0022,Solar 71,0.0
2565,t0022,Solar 70,0.0
2564,t0022,Solar 06,0.0
2563,t0022,Solar 69,0.0
2562,t0022,Solar 68,0.0
2545,t0022,Solar 52,0.0
2561,t0022,Solar 67,0.0
2559,t0022,Solar 65,0.0
2557,t0022,Solar 63,0.0
2556,t0022,Solar 62,0.0
2555,t0022,Solar 61,0.0
2554,t0022,Solar 60,0.0
2553,t0022,Solar 05,0.0
2552,t0022,Solar 59,0.0
2551,t0022,Solar 58,0.0
2550,t0022,Solar 57,0.0
2549,t0022,Solar 56,0.0
2548,t0022,Solar 55,0.0
2547,t0022,Solar 54,0.0
2560,t0022,Solar 66,0.0
2516,t0022,Solar 26,0.0
2515,t0022,Solar 25,0.0
2513,t0022,Solar 23,0.0
2482,t0022,Wind 10,0.891727830273277
2481,t0022,Hydro 43,0.06341490217099974
2480,t0022,Hydro 42,0.02591868896738001
2479,t0022,Hydro 41,0.02591868896738001
2478,t0022,Hydro 40,0.03465542143815124
2477,t0022,Hydro 35,0.2305
2476,t0022,Hydro 34,0.03399190931238144
2475,t0022,Hydro 33,0.03399190931238144
2474,t0022,Hydro 32,0.2305
2473,t0022,Hydro 31,0.2305
2472,t0022,Hydro 30,0.2305
2471,t0022,Hydro 29,0.0
2483,t0022,Wind 11,0.582662528151259
2470,t0022,Hydro 28,0.0
2468,t0022,Hydro 26,0.03138134469035816
2467,t0022,Hydro 25,0.03138134469035816
2466,t0022,Hydro 24,0.0
2465,t0022,Hydro 23,0.0
2464,t0022,Hydro 22,0.0
2463,t0022,Hydro 21,0.0
2462,t0022,Hydro 20,0.0
2461,t0022,Hydro 19,0.008218956264265005
2460,t0022,Hydro 18,0.2305
2459,t0022,Hydro 17,0.2305
2458,t0022,Hydro 16,0.2305
2469,t0022,Hydro 27,0.03138134469035816
2484,t0022,Wind 12,0.5843447572091148
2514,t0022,Solar 24,0.0
2486,t0022,Wind 14,0.007140573372749426
2512,t0022,Solar 22,0.0
2511,t0022,Solar 21,0.0
2510,t0022,Solar 20,0.0
2509,t0022,Solar 01,0.0
2508,t0022,Solar 19,0.0
2507,t0022,Solar 18,0.0
2506,t0022,Solar 17,0.0
2485,t0022,Wind 13,0.3872466071375468
2504,t0022,Solar 15,0.0
2503,t0022,Solar 14,0.0
2502,t0022,Solar 13,0.0
2501,t0022,Solar 12,0.0
2500,t0022,Solar 11,0.0
2505,t0022,Solar 16,0.0
2498,t0022,Wind 09,0.8719860024096745
2499,t0022,Solar 10,0.0
2487,t0022,Wind 15,0.1706860426498414
2488,t0022,Wind 16,0.01675089871990388
2489,t0022,Wind 17,0.2491626453768047
2491,t0022,Wind 02,0.6038740441195264
2490,t0022,Wind 01,0.38516076700428
2493,t0022,Wind 04,0.272521644541262
2494,t0022,Wind 05,0.9078584573089363
2495,t0022,Wind 06,0.3521016776821075
2496,t0022,Wind 07,0.5349507691042042
2497,t0022,Wind 08,0.9360144646541685
2492,t0022,Wind 03,0.5721963709513731
2652,t0023,Solar 43,0.0
2649,t0023,Solar 40,0.0
2650,t0023,Solar 41,0.0
2651,t0023,Solar 42,0.0
2653,t0023,Solar 44,0.0
2659,t0023,Solar 04,0.0
2655,t0023,Solar 46,0.0
2656,t0023,Solar 47,0.0
2657,t0023,Solar 48,0.0
2658,t0023,Solar 49,0.0
2654,t0023,Solar 45,0.0
2648,t0023,Solar 03,0.0
2634,t0023,Solar 27,0.0
2646,t0023,Solar 38,0.0
2645,t0023,Solar 37,0.0
2644,t0023,Solar 36,0.0
2643,t0023,Solar 35,0.0
2642,t0023,Solar 34,0.0
2641,t0023,Solar 33,0.0
2640,t0023,Solar 32,0.0
2639,t0023,Solar 31,0.0
2638,t0023,Solar 30,0.0
2637,t0023,Solar 02,0.0
2636,t0023,Solar 29,0.0
2635,t0023,Solar 28,0.0
2660,t0023,Solar 50,0.0
2647,t0023,Solar 39,0.0
2661,t0023,Solar 51,0.0
2675,t0023,Solar 64,0.0
2663,t0023,Solar 53,0.0
2633,t0023,Solar 26,0.0
2689,t0023,Solar 08,0.0
2688,t0023,Solar 07,0.0
2687,t0023,Solar 75,0.0
2686,t0023,Solar 74,0.0
2685,t0023,Solar 73,0.0
2684,t0023,Solar 72,0.0
2683,t0023,Solar 71,0.0
2682,t0023,Solar 70,0.0
2681,t0023,Solar 06,0.0
2680,t0023,Solar 69,0.0
2679,t0023,Solar 68,0.0
2662,t0023,Solar 52,0.0
2678,t0023,Solar 67,0.0
2676,t0023,Solar 65,0.0
2674,t0023,Solar 63,0.0
2673,t0023,Solar 62,0.0
2672,t0023,Solar 61,0.0
2671,t0023,Solar 60,0.0
2670,t0023,Solar 05,0.0
2669,t0023,Solar 59,0.0
2668,t0023,Solar 58,0.0
2667,t0023,Solar 57,0.0
2666,t0023,Solar 56,0.0
2665,t0023,Solar 55,0.0
2664,t0023,Solar 54,0.0
2677,t0023,Solar 66,0.0
2632,t0023,Solar 25,0.0
2690,t0023,Solar 09,0.0
2630,t0023,Solar 23,0.0
2599,t0023,Wind 10,0.8738309329920964
2598,t0023,Hydro 43,0.05041061377646743
2597,t0023,Hydro 42,0.02565869520049865
2596,t0023,Hydro 41,0.02565869520049865
2595,t0023,Hydro 40,0.02754874651810585
2594,t0023,Hydro 35,0.1979
2593,t0023,Hydro 34,0.03449141038664497
2592,t0023,Hydro 33,0.03449141038664497
2591,t0023,Hydro 32,0.1979
2590,t0023,Hydro 31,0.1979
2589,t0023,Hydro 30,0.1979
2588,t0023,Hydro 29,0.0
2600,t0023,Wind 11,0.5848636660896313
2587,t0023,Hydro 28,0.0
2585,t0023,Hydro 26,0.02694302869510578
2584,t0023,Hydro 25,0.02694302869510578
2583,t0023,Hydro 24,0.0
2582,t0023,Hydro 23,0.0
2581,t0023,Hydro 22,0.0
2580,t0023,Hydro 21,0.0
2579,t0023,Hydro 20,0.0
2578,t0023,Hydro 19,0.004597187095182284
2577,t0023,Hydro 18,0.1979
2576,t0023,Hydro 17,0.1979
2575,t0023,Hydro 16,0.1979
2586,t0023,Hydro 27,0.02694302869510578
2601,t0023,Wind 12,0.5062392706377754
2631,t0023,Solar 24,0.0
2603,t0023,Wind 14,0.006721804759078476
2629,t0023,Solar 22,0.0
2628,t0023,Solar 21,0.0
2627,t0023,Solar 20,0.0
2626,t0023,Solar 01,0.0
2625,t0023,Solar 19,0.0
2624,t0023,Solar 18,0.0
2623,t0023,Solar 17,0.0
2602,t0023,Wind 13,0.3904856688079437
2621,t0023,Solar 15,0.0
2620,t0023,Solar 14,0.0
2619,t0023,Solar 13,0.0
2618,t0023,Solar 12,0.0
2617,t0023,Solar 11,0.0
2622,t0023,Solar 16,0.0
2615,t0023,Wind 09,0.8495401941758615
2616,t0023,Solar 10,0.0
2604,t0023,Wind 15,0.1419157598232146
2605,t0023,Wind 16,0.003585848787877565
2606,t0023,Wind 17,0.3493614624701692
2608,t0023,Wind 02,0.6328234144653737
2607,t0023,Wind 01,0.39832904580858
2610,t0023,Wind 04,0.292278030090408
2611,t0023,Wind 05,0.8976894897823063
2612,t0023,Wind 06,0.3443604851660299
2613,t0023,Wind 07,0.5439961889530643
2614,t0023,Wind 08,0.9096157595146505
2609,t0023,Wind 03,0.608445165669551
2769,t0024,Solar 43,0.0
2766,t0024,Solar 40,0.0
2767,t0024,Solar 41,0.0
2768,t0024,Solar 42,0.0
2770,t0024,Solar 44,0.0
2776,t0024,Solar 04,0.0
2772,t0024,Solar 46,0.0
2773,t0024,Solar 47,0.0
2774,t0024,Solar 48,0.0
2775,t0024,Solar 49,0.0
2771,t0024,Solar 45,0.0
2765,t0024,Solar 03,0.0
2751,t0024,Solar 27,0.0
2763,t0024,Solar 38,0.0
2762,t0024,Solar 37,0.0
2761,t0024,Solar 36,0.0
2760,t0024,Solar 35,0.0
2759,t0024,Solar 34,0.0
2758,t0024,Solar 33,0.0
2757,t0024,Solar 32,0.0
2756,t0024,Solar 31,0.0
2755,t0024,Solar 30,0.0
2754,t0024,Solar 02,0.0
2753,t0024,Solar 29,0.0
2752,t0024,Solar 28,0.0
2777,t0024,Solar 50,0.0
2764,t0024,Solar 39,0.0
2778,t0024,Solar 51,0.0
2792,t0024,Solar 64,0.0
2780,t0024,Solar 53,0.0
2750,t0024,Solar 26,0.0
2806,t0024,Solar 08,0.0
2805,t0024,Solar 07,0.0
2804,t0024,Solar 75,0.0
2803,t0024,Solar 74,0.0
2802,t0024,Solar 73,0.0
2801,t0024,Solar 72,0.0
2800,t0024,Solar 71,0.0
2799,t0024,Solar 70,0.0
2798,t0024,Solar 06,0.0
2797,t0024,Solar 69,0.0
2796,t0024,Solar 68,0.0
2779,t0024,Solar 52,0.0
2795,t0024,Solar 67,0.0
2793,t0024,Solar 65,0.0
2791,t0024,Solar 63,0.0
2790,t0024,Solar 62,0.0
2789,t0024,Solar 61,0.0
2788,t0024,Solar 60,0.0
2787,t0024,Solar 05,0.0
2786,t0024,Solar 59,0.0
2785,t0024,Solar 58,0.0
2784,t0024,Solar 57,0.0
2783,t0024,Solar 56,0.0
2782,t0024,Solar 55,0.0
2781,t0024,Solar 54,0.0
2794,t0024,Solar 66,0.0
2807,t0024,Solar 09,0.0
2749,t0024,Solar 25,0.0
2747,t0024,Solar 23,0.0
2716,t0024,Wind 10,0.7317458149324939
2715,t0024,Hydro 43,0.04839158402573036
2714,t0024,Hydro 42,0.02514767296904218
2713,t0024,Hydro 41,0.02514767296904218
2712,t0024,Hydro 40,0.02644537294955122
2711,t0024,Hydro 35,0.2312
2710,t0024,Hydro 34,0.03279482915164645
2709,t0024,Hydro 33,0.03279482915164645
2708,t0024,Hydro 32,0.2312
2707,t0024,Hydro 31,0.2312
2706,t0024,Hydro 30,0.2312
2704,t0024,Hydro 28,0.0
2717,t0024,Wind 11,0.568792004335459
2703,t0024,Hydro 27,0.03147664595405991
2701,t0024,Hydro 25,0.03147664595405991
2700,t0024,Hydro 24,0.0
2699,t0024,Hydro 23,0.0
2698,t0024,Hydro 22,0.0
2697,t0024,Hydro 21,0.0
2696,t0024,Hydro 20,0.0
2695,t0024,Hydro 19,0.004198538029732897
2694,t0024,Hydro 18,0.2312
2693,t0024,Hydro 17,0.2312
2692,t0024,Hydro 16,0.2312
2748,t0024,Solar 24,0.0
2702,t0024,Hydro 26,0.03147664595405991
2718,t0024,Wind 12,0.3034125385515364
2705,t0024,Hydro 29,0.0
2720,t0024,Wind 14,0.00675728382331455
2719,t0024,Wind 13,0.2049174367830971
2745,t0024,Solar 21,0.0
2744,t0024,Solar 20,0.0
2743,t0024,Solar 01,0.0
2742,t0024,Solar 19,0.0
2741,t0024,Solar 18,0.0
2740,t0024,Solar 17,0.0
2739,t0024,Solar 16,0.0
2738,t0024,Solar 15,0.0
2737,t0024,Solar 14,0.0
2736,t0024,Solar 13,0.0
2735,t0024,Solar 12,0.0
2734,t0024,Solar 11,0.0
2746,t0024,Solar 22,0.0
2732,t0024,Wind 09,0.703146153145277
2733,t0024,Solar 10,0.0
2722,t0024,Wind 16,0.0003394308422829465
2723,t0024,Wind 17,0.2388878252122247
2724,t0024,Wind 01,0.1703772969322278
2725,t0024,Wind 02,0.6051985812568605
2726,t0024,Wind 03,0.4291987606703619
2721,t0024,Wind 15,0.1327034077920482
2728,t0024,Wind 05,0.7769217771794218
2729,t0024,Wind 06,0.2012099689448277
2730,t0024,Wind 07,0.3506134545633403
2731,t0024,Wind 08,0.8273558457871686
2727,t0024,Wind 04,0.256259492401644
