index,timestep,node,demand_el
87,t0001,bus063,0.0
86,t0001,bus038,0.0
85,t0001,bus037,0.0
84,t0001,bus058,12.82556446270519
83,t0001,bus057,12.82556446270519
82,t0001,bus097,16.03196049692421
81,t0001,bus044,17.10075589596873
80,t0001,bus051,18.16955326243034
79,t0001,bus050,18.16955326243034
78,t0001,bus040,21.14809878867852
77,t0001,bus052,19.23835062889196
76,t0001,bus043,19.23835062889196
89,t0001,bus068,0.0
75,t0001,bus042,39.54549468941134
73,t0001,bus053,24.58233549378294
72,t0001,bus033,26.10002858047361
71,t0001,bus039,28.85752495962939
70,t0001,bus067,29.92632035867392
69,t0001,bus116,0.0
68,t0001,bus118,35.27030719098199
67,t0001,bus098,36.33910259002651
66,t0001,bus047,36.33910259002651
65,t0001,bus035,37.43996688763012
64,t0001,bus041,39.54549468941134
63,t0001,bus079,41.68308942233458
62,t0001,bus034,66.93876751275255
74,t0001,bus048,21.37594536181518
61,t0001,bus045,56.64625058538008
90,t0001,bus081,0.0
92,t0001,bus100,120.4697376537406
118,t0001,bus108,6.511876925757029
117,t0001,bus102,16.27969231439258
116,t0001,bus109,26.04750770302812
115,t0001,bus084,35.81532309166366
114,t0001,bus093,39.07126155454218
113,t0001,bus103,74.88659917344141
112,t0001,bus107,89.95363049866589
111,t0001,bus085,78.14253763631994
110,t0001,bus083,65.11878378480587
109,t0001,bus086,68.37472224768437
108,t0001,bus101,71.63066071056289
107,t0001,bus094,97.67816841359102
91,t0001,bus087,0.0
106,t0001,bus110,126.9816145794977
104,t0001,bus096,123.7256761166191
103,t0001,bus095,136.7494444953687
102,t0001,bus106,140.0053829582473
101,t0001,bus088,156.2850752726399
100,t0001,bus082,175.8207060499109
99,t0001,bus104,123.7256761166191
98,t0001,bus105,100.9341068764695
97,t0001,bus112,81.39847609919843
96,t0001,bus111,0.0
95,t0001,bus090,253.9632436862309
94,t0001,bus089,0.0
93,t0001,bus092,211.6360291415746
105,t0001,bus091,0.0
60,t0001,bus077,65.19662754965589
88,t0001,bus064,0.0
58,t0001,bus076,72.67821108230429
27,t0001,bus072,0.0
26,t0001,bus024,0.0
25,t0001,bus008,0.0
24,t0001,bus117,105.3935694067392
23,t0001,bus002,105.3935694067392
22,t0001,bus115,115.918031558048
21,t0001,bus031,226.6234851370473
20,t0001,bus029,126.4921411078794
19,t0001,bus016,131.754377881617
18,t0001,bus019,237.1479472883561
17,t0001,bus006,274.0332179145427
16,t0001,bus013,179.1641106591124
15,t0001,bus003,205.5249191339902
14,t0001,bus027,326.7548348642984
13,t0001,bus075,233.3253939024425
12,t0001,bus070,327.6484082645404
11,t0001,bus001,268.7709982350547
10,t0001,bus074,337.5771643124932
9,t0001,bus018,316.1807253144669
8,t0001,bus032,310.9184885407294
7,t0001,bus113,0.0
6,t0001,bus011,368.902325169973
5,t0001,bus015,474.2959116709617
4,t0001,bus012,247.6724265339144
3,t0001,bus025,0.0
2,t0001,bus010,0.0
59,t0001,bus055,67.33422228257913
28,t0001,bus073,0.0
29,t0001,bus004,158.1151863564947
1,t0001,bus026,0.0
50,t0001,bus054,120.7740807685744
57,t0001,bus062,82.29738344562463
56,t0001,bus036,35.17411426722436
55,t0001,bus056,89.77896304343884
54,t0001,bus046,29.92632035867392
53,t0001,bus078,75.88460121427204
52,t0001,bus060,83.36618081208624
51,t0001,bus061,0.0
30,t0001,bus007,100.1313497272511
49,t0001,bus049,92.98535514282368
48,t0001,bus059,296.0568193570227
47,t0001,bus080,138.9436359984218
45,t0001,bus069,0.0
44,t0001,bus066,41.68308942233458
46,t0001,bus099,0.0
42,t0001,bus071,0.0
31,t0001,bus020,94.86910725543035
32,t0001,bus028,89.60687048169277
33,t0001,bus014,73.77054125237325
34,t0001,bus021,73.77054125237325
43,t0001,bus065,0.0
36,t0001,bus022,52.72161694975561
35,t0001,bus017,56.57310520192624
38,t0001,bus023,36.88527062618662
39,t0001,bus005,0.0
40,t0001,bus009,0.0
41,t0001,bus030,0.0
37,t0001,bus114,42.14750739992419
198,t0002,bus050,17.5879895700571
195,t0002,bus043,18.62257730385133
196,t0002,bus052,18.62257730385133
197,t0002,bus040,20.47119901901556
199,t0002,bus051,17.5879895700571
179,t0002,bus077,63.10984033477917
201,t0002,bus097,15.51881600691344
202,t0002,bus057,12.41504899664115
203,t0002,bus058,12.41504899664115
204,t0002,bus037,0.0
205,t0002,bus038,0.0
200,t0002,bus044,16.55340183626287
194,t0002,bus042,38.27973853260728
180,t0002,bus045,54.83314036887015
192,t0002,bus053,23.79551406837767
191,t0002,bus033,25.2646294502323
190,t0002,bus039,27.93386500355459
189,t0002,bus067,28.96845083290402
188,t0002,bus116,0.0
187,t0002,bus118,34.14138950187517
186,t0002,bus098,35.17597533122459
185,t0002,bus047,35.17597533122459
184,t0002,bus035,36.2416036108332
183,t0002,bus041,38.27973853260728
182,t0002,bus079,40.34891400019574
181,t0002,bus034,64.7962185884416
206,t0002,bus063,0.0
193,t0002,bus048,20.69175277143978
208,t0002,bus068,0.0
222,t0002,bus095,140.4306996858425
210,t0002,bus087,0.0
237,t0002,bus108,6.687174754725402
236,t0002,bus102,16.71793688681351
235,t0002,bus109,26.74869901890161
234,t0002,bus084,36.77946115098971
233,t0002,bus093,40.12304852835241
232,t0002,bus103,76.90252459764663
231,t0002,bus107,92.37515601489118
230,t0002,bus085,80.24611197500936
229,t0002,bus083,66.87176246555855
228,t0002,bus086,70.21534984292124
227,t0002,bus101,73.55893722028394
226,t0002,bus094,100.3076362391856
209,t0002,bus081,0.0
225,t0002,bus110,130.3999226354499
223,t0002,bus096,127.0563352580872
221,t0002,bus106,143.7742870632052
220,t0002,bus088,160.4922239500187
219,t0002,bus082,180.5537482141949
218,t0002,bus104,127.0563352580872
217,t0002,bus105,103.6512236165483
216,t0002,bus112,83.58969935237205
215,t0002,bus111,0.0
214,t0002,bus090,260.7998601892043
213,t0002,bus089,0.0
212,t0002,bus092,217.3332093651846
211,t0002,bus100,123.7127478807245
224,t0002,bus091,0.0
178,t0002,bus055,65.17901580236764
207,t0002,bus064,0.0
176,t0002,bus062,79.66324217104206
145,t0002,bus024,0.0
144,t0002,bus008,0.0
143,t0002,bus117,101.0958837238703
142,t0002,bus002,101.0958837238703
141,t0002,bus115,111.1911846790817
140,t0002,bus031,217.3823472482963
139,t0002,bus029,121.334108536302
138,t0002,bus016,126.3817644796374
137,t0002,bus019,227.4776482035077
136,t0002,bus006,262.858829914486
135,t0002,bus013,171.8582471458271
134,t0002,bus003,197.1441279015941
146,t0002,bus072,0.0
133,t0002,bus027,313.4305914260202
131,t0002,bus070,314.2877271419667
130,t0002,bus001,257.8111903683396
129,t0002,bus074,323.8116133960964
128,t0002,bus018,303.2876675687997
127,t0002,bus032,298.2400116254645
126,t0002,bus113,0.0
125,t0002,bus011,353.859412683145
124,t0002,bus015,454.9553128042041
123,t0002,bus012,237.5729655559078
122,t0002,bus025,0.0
121,t0002,bus010,0.0
120,t0002,bus026,0.0
132,t0002,bus075,223.8109689667582
147,t0002,bus073,0.0
177,t0002,bus076,70.35195637578359
175,t0002,bus036,34.04827548221126
174,t0002,bus056,86.90535440315685
173,t0002,bus046,28.96845083290402
172,t0002,bus078,73.45571767272148
171,t0002,bus060,80.69782990483627
170,t0002,bus061,0.0
169,t0002,bus054,116.9083929698551
148,t0002,bus004,151.6676452354044
167,t0002,bus059,286.5807527454367
166,t0002,bus080,134.496384444357
165,t0002,bus099,0.0
164,t0002,bus069,0.0
163,t0002,bus066,40.34891400019574
168,t0002,bus049,90.00911760453954
161,t0002,bus071,0.0
162,t0002,bus065,0.0
150,t0002,bus020,91.00058276865894
151,t0002,bus028,85.95292682532364
152,t0002,bus014,70.7623634219568
153,t0002,bus021,70.7623634219568
154,t0002,bus017,54.26619572319476
149,t0002,bus007,96.04824417772383
156,t0002,bus114,40.4288376543137
157,t0002,bus023,35.3811817109784
158,t0002,bus005,0.0
159,t0002,bus009,0.0
160,t0002,bus030,0.0
155,t0002,bus022,50.57176151153404
314,t0003,bus043,16.87982261034001
315,t0003,bus052,16.87982261034001
316,t0003,bus040,18.55544495393158
317,t0003,bus050,15.94205459164215
318,t0003,bus051,15.94205459164215
321,t0003,bus057,11.25321277193155
320,t0003,bus097,14.06652028046779
322,t0003,bus058,11.25321277193155
323,t0003,bus037,0.0
324,t0003,bus038,0.0
319,t0003,bus044,15.0042865729443
313,t0003,bus042,34.69740978693518
299,t0003,bus045,49.70169635987948
311,t0003,bus053,21.56866097760793
310,t0003,bus033,22.90029228917184
309,t0003,bus039,25.31973305239934
308,t0003,bus067,26.25749934487585
307,t0003,bus116,0.0
306,t0003,bus118,30.94633943836511
305,t0003,bus098,31.88410573084162
304,t0003,bus047,31.88410573084162
303,t0003,bus035,32.85000943121906
302,t0003,bus041,34.69740978693518
301,t0003,bus079,36.57294582433089
300,t0003,bus034,58.73240087812723
325,t0003,bus063,0.0
312,t0003,bus048,18.75535864773571
326,t0003,bus064,0.0
356,t0003,bus108,6.11497618092301
328,t0003,bus081,0.0
298,t0003,bus077,57.20383878324095
355,t0003,bus102,15.28744045230753
354,t0003,bus109,24.45990472369204
353,t0003,bus084,33.63236899507656
352,t0003,bus093,36.68985708553807
351,t0003,bus103,70.32223972241106
350,t0003,bus107,84.4709312166468
349,t0003,bus085,73.37972781287259
348,t0003,bus083,61.14977545102655
347,t0003,bus086,64.20726354148805
346,t0003,bus101,67.26475163194957
345,t0003,bus094,91.72465635564161
344,t0003,bus110,119.2420491697952
343,t0003,bus091,0.0
342,t0003,bus096,116.1845610793336
340,t0003,bus106,131.4720151734376
339,t0003,bus088,146.7594556257452
338,t0003,bus082,165.1043841685142
337,t0003,bus104,116.1845610793336
336,t0003,bus105,94.7821444461031
335,t0003,bus112,76.43721590333408
334,t0003,bus111,0.0
333,t0003,bus090,238.4841119813867
332,t0003,bus089,0.0
331,t0003,bus092,198.7367531635907
330,t0003,bus100,113.1270729888721
329,t0003,bus087,0.0
327,t0003,bus068,0.0
341,t0003,bus095,128.4145270829761
297,t0003,bus055,59.07937482063666
295,t0003,bus062,72.20812535618526
263,t0003,bus008,0.0
262,t0003,bus117,92.38057694372674
261,t0003,bus002,92.38057694372674
260,t0003,bus115,101.6055789152242
259,t0003,bus031,198.6421792506425
258,t0003,bus029,110.8740982981263
257,t0003,bus016,115.4866042784132
256,t0003,bus019,207.86718122214
255,t0003,bus006,240.1982105283239
254,t0003,bus013,157.0426355560946
253,t0003,bus003,180.1486628907811
251,t0003,bus075,204.5166002599744
264,t0003,bus024,0.0
250,t0003,bus070,287.1935086794444
248,t0003,bus074,295.8963566540073
247,t0003,bus018,277.1417458147948
246,t0003,bus032,272.5292398345079
245,t0003,bus113,0.0
244,t0003,bus011,323.3537855005532
243,t0003,bus015,415.7343774278946
242,t0003,bus012,217.0921981772521
241,t0003,bus025,0.0
240,t0003,bus010,0.0
239,t0003,bus026,0.0
296,t0003,bus076,63.76821664034726
249,t0003,bus001,235.5857195316516
265,t0003,bus072,0.0
252,t0003,bus027,286.4102651976969
267,t0003,bus004,138.5926316130997
266,t0003,bus073,0.0
293,t0003,bus056,78.77249976084887
292,t0003,bus046,26.25749934487585
291,t0003,bus078,66.58151897021948
290,t0003,bus060,73.1458933748831
289,t0003,bus061,0.0
288,t0003,bus054,105.9677671244226
287,t0003,bus049,81.58580381694244
286,t0003,bus059,259.7616962975503
285,t0003,bus080,121.9098234422861
284,t0003,bus099,0.0
283,t0003,bus069,0.0
282,t0003,bus066,36.57294582433089
281,t0003,bus065,0.0
294,t0003,bus036,30.86193929821171
268,t0003,bus007,87.76808594705442
280,t0003,bus071,0.0
269,t0003,bus020,83.15557497222926
270,t0003,bus028,78.5430689919423
271,t0003,bus014,64.66205861236793
273,t0003,bus017,49.58799789655775
272,t0003,bus021,64.66205861236793
275,t0003,bus114,36.94353528647091
276,t0003,bus023,32.33102930618396
277,t0003,bus005,0.0
278,t0003,bus009,0.0
279,t0003,bus030,0.0
274,t0003,bus022,46.21205466937298
438,t0004,bus044,14.72544582554706
435,t0004,bus040,18.21060922221659
436,t0004,bus050,15.64578629552756
437,t0004,bus051,15.64578629552756
439,t0004,bus097,13.80510704970767
445,t0004,bus064,0.0
441,t0004,bus058,11.04408225148389
442,t0004,bus037,0.0
443,t0004,bus038,0.0
444,t0004,bus063,0.0
434,t0004,bus052,16.56612676550808
440,t0004,bus057,11.04408225148389
433,t0004,bus043,16.56612676550808
426,t0004,bus116,0.0
431,t0004,bus048,18.4068077054691
430,t0004,bus053,21.16782742126951
429,t0004,bus033,22.47471160018111
428,t0004,bus039,24.84918930119155
427,t0004,bus067,25.76952807703094
425,t0004,bus118,30.3712304269335
424,t0004,bus098,31.29156920277289
423,t0004,bus047,31.29156920277289
422,t0004,bus035,32.23952247888873
421,t0004,bus041,34.05259061271442
420,t0004,bus079,35.89327155267544
419,t0004,bus034,57.64091369027102
432,t0004,bus042,34.05259061271442
446,t0004,bus068,0.0
418,t0004,bus045,48.77803643826147
448,t0004,bus087,0.0
475,t0004,bus108,6.068671094025708
474,t0004,bus102,15.17167773506427
473,t0004,bus109,24.27468437610283
472,t0004,bus084,33.37769101714139
471,t0004,bus093,36.41202656415425
470,t0004,bus103,69.78973111979086
469,t0004,bus107,83.83128296707793
468,t0004,bus085,72.82406666680373
467,t0004,bus083,60.6867244787523
466,t0004,bus086,63.72106002576515
465,t0004,bus101,66.75539557277801
464,t0004,bus094,91.03007994888085
463,t0004,bus110,118.3390998719965
462,t0004,bus091,0.0
461,t0004,bus096,115.3047643249837
460,t0004,bus095,127.4421200515303
459,t0004,bus106,130.4764555985432
458,t0004,bus088,145.6481333336075
457,t0004,bus082,163.8541466156846
456,t0004,bus104,115.3047643249837
455,t0004,bus105,94.0644154958937
454,t0004,bus112,75.85840221381657
453,t0004,bus111,0.0
452,t0004,bus090,236.6782132824883
451,t0004,bus089,0.0
450,t0004,bus092,197.2318376328259
449,t0004,bus100,112.2704287779708
447,t0004,bus081,0.0
417,t0004,bus077,56.14075850396443
386,t0004,bus004,133.91441572989
415,t0004,bus076,62.58314348796914
383,t0004,bus024,0.0
382,t0004,bus008,0.0
381,t0004,bus117,89.26225616918009
380,t0004,bus002,89.26225616918009
379,t0004,bus115,98.17586676118361
378,t0004,bus031,191.9369815267116
377,t0004,bus029,107.1315258275865
376,t0004,bus016,111.588335949535
375,t0004,bus019,200.8505921187151
374,t0004,bus006,232.0902824910736
373,t0004,bus013,151.741636913897
372,t0004,bus003,174.067716694252
384,t0004,bus072,0.0
371,t0004,bus027,276.7424420517835
369,t0004,bus070,277.4992470277166
368,t0004,bus001,227.6334868469654
367,t0004,bus074,285.9083290123427
366,t0004,bus018,267.7867829853806
365,t0004,bus032,263.3299728634321
364,t0004,bus113,0.0
363,t0004,bus011,312.4389280682501
362,t0004,bus015,401.7011987152706
361,t0004,bus012,209.764217188559
360,t0004,bus025,0.0
359,t0004,bus010,0.0
358,t0004,bus026,0.0
370,t0004,bus075,197.6131105391989
385,t0004,bus073,0.0
387,t0004,bus007,84.80546052507191
414,t0004,bus062,70.8662043295115
413,t0004,bus036,30.288398785092
412,t0004,bus056,77.30858592523396
411,t0004,bus046,25.76952807703094
410,t0004,bus078,65.34416320376955
409,t0004,bus060,71.786544799492
408,t0004,bus061,0.0
416,t0004,bus055,57.98143944392546
406,t0004,bus049,80.06960733517549
405,t0004,bus059,254.9342661369324
404,t0004,bus080,119.6442424619141
403,t0004,bus099,0.0
402,t0004,bus069,0.0
407,t0004,bus054,103.9984544722454
400,t0004,bus065,0.0
401,t0004,bus066,35.89327155267544
389,t0004,bus028,75.891835455228
390,t0004,bus014,62.47938074471695
391,t0004,bus021,62.47938074471695
392,t0004,bus017,47.91414729803632
393,t0004,bus022,44.65215956070991
388,t0004,bus020,80.34864557717657
395,t0004,bus023,31.23969037235847
396,t0004,bus005,0.0
397,t0004,bus009,0.0
398,t0004,bus030,0.0
399,t0004,bus071,0.0
394,t0004,bus114,35.69650049430703
552,t0005,bus043,16.42670639002711
553,t0005,bus052,16.42670639002711
554,t0005,bus040,18.0573488970098
555,t0005,bus050,15.51411149725431
556,t0005,bus051,15.51411149725431
559,t0005,bus057,10.95113535350708
558,t0005,bus097,13.68892339159196
560,t0005,bus058,10.95113535350708
561,t0005,bus037,0.0
562,t0005,bus038,0.0
557,t0005,bus044,14.60151660448151
551,t0005,bus042,33.76600431306051
537,t0005,bus045,48.36752091754203
549,t0005,bus053,20.98967917400785
548,t0005,bus033,22.28556462729618
547,t0005,bus039,24.64005874509904
546,t0005,bus067,25.55265195798859
545,t0005,bus116,0.0
544,t0005,bus118,30.11562642185257
543,t0005,bus098,31.02821963474213
542,t0005,bus047,31.02821963474213
541,t0005,bus035,31.96819494451947
540,t0005,bus041,33.76600431306051
539,t0005,bus079,35.59119409860612
538,t0005,bus034,57.15580827344564
563,t0005,bus063,0.0
550,t0005,bus048,18.2518961755727
564,t0005,bus064,0.0
579,t0005,bus095,130.0120529203515
566,t0005,bus081,0.0
536,t0005,bus077,55.66827837984115
593,t0005,bus102,15.47762205920718
592,t0005,bus109,24.76419529473148
591,t0005,bus084,34.05076853025579
590,t0005,bus093,37.14629294209723
589,t0005,bus103,71.19707528385861
588,t0005,bus107,85.52178191236722
587,t0005,bus085,74.29259969570006
586,t0005,bus083,61.91050204833432
585,t0005,bus086,65.00602646017575
584,t0005,bus101,68.10155087201719
583,t0005,bus094,92.86574616674868
582,t0005,bus110,120.7254658733216
581,t0005,bus091,0.0
580,t0005,bus096,117.6299414614801
578,t0005,bus106,133.107577332193
577,t0005,bus088,148.5851993914001
576,t0005,bus082,167.1583458624487
575,t0005,bus104,117.6299414614801
574,t0005,bus105,95.9612705785901
573,t0005,bus112,77.38812410754149
572,t0005,bus111,0.0
571,t0005,bus090,241.4509455581488
570,t0005,bus089,0.0
569,t0005,bus092,201.2091143927045
568,t0005,bus100,114.5344170496387
567,t0005,bus087,0.0
565,t0005,bus068,0.0
535,t0005,bus055,57.49346816538676
594,t0005,bus108,6.19104882368287
533,t0005,bus062,70.26979498432267
501,t0005,bus008,0.0
500,t0005,bus117,87.78305272484381
499,t0005,bus002,87.78305272484381
498,t0005,bus115,96.54895202144634
497,t0005,bus031,188.7563108115135
496,t0005,bus029,105.356202988997
495,t0005,bus016,109.7391573832723
494,t0005,bus019,197.5222101081161
493,t0005,bus006,228.244214063147
492,t0005,bus013,149.2270606349058
491,t0005,bus003,171.1831652933342
490,t0005,bus027,272.156423380004
502,t0005,bus024,0.0
489,t0005,bus075,194.3383782357539
487,t0005,bus001,223.8612739067937
486,t0005,bus074,281.1704184643735
485,t0005,bus018,263.3491724124532
484,t0005,bus032,258.966218018178
483,t0005,bus113,0.0
482,t0005,bus011,307.2613674913883
481,t0005,bus015,395.0444344541539
480,t0005,bus012,206.2881236426404
479,t0005,bus025,0.0
478,t0005,bus010,0.0
477,t0005,bus026,0.0
488,t0005,bus070,272.9006870134353
503,t0005,bus072,0.0
534,t0005,bus076,62.05644430913399
505,t0005,bus004,131.6952620417007
532,t0005,bus036,30.03349189037191
531,t0005,bus056,76.65795755384902
530,t0005,bus046,25.55265195798859
529,t0005,bus078,64.79422730756913
528,t0005,bus060,71.18238987709546
527,t0005,bus061,0.0
526,t0005,bus054,103.1232044046104
504,t0005,bus073,0.0
524,t0005,bus059,252.7887416211005
523,t0005,bus080,118.637317581748
522,t0005,bus099,0.0
521,t0005,bus069,0.0
520,t0005,bus066,35.59119409860612
525,t0005,bus049,79.39574223216741
518,t0005,bus071,0.0
519,t0005,bus065,0.0
507,t0005,bus020,79.01715342824127
508,t0005,bus028,74.63419903396604
509,t0005,bus014,61.44400791006197
510,t0005,bus021,61.44400791006197
511,t0005,bus017,47.12014124489151
506,t0005,bus007,83.40011256849041
513,t0005,bus114,35.10495834930619
514,t0005,bus023,30.72200395503098
515,t0005,bus005,0.0
516,t0005,bus009,0.0
517,t0005,bus030,0.0
512,t0005,bus022,43.9122093168569
671,t0006,bus043,16.87982261034001
672,t0006,bus052,16.87982261034001
673,t0006,bus040,18.55544495393158
674,t0006,bus050,15.94205459164215
675,t0006,bus051,15.94205459164215
678,t0006,bus057,11.25321277193155
677,t0006,bus097,14.06652028046779
679,t0006,bus058,11.25321277193155
680,t0006,bus037,0.0
681,t0006,bus038,0.0
676,t0006,bus044,15.0042865729443
670,t0006,bus042,34.69740978693518
656,t0006,bus045,49.70169635987948
668,t0006,bus053,21.56866097760793
667,t0006,bus033,22.90029228917184
666,t0006,bus039,25.31973305239934
665,t0006,bus067,26.25749934487585
664,t0006,bus116,0.0
663,t0006,bus118,30.94633943836511
662,t0006,bus098,31.88410573084162
661,t0006,bus047,31.88410573084162
660,t0006,bus035,32.85000943121906
659,t0006,bus041,34.69740978693518
658,t0006,bus079,36.57294582433089
657,t0006,bus034,58.73240087812723
682,t0006,bus063,0.0
669,t0006,bus048,18.75535864773571
683,t0006,bus064,0.0
698,t0006,bus095,135.4992068835101
685,t0006,bus081,0.0
655,t0006,bus077,57.20383878324095
712,t0006,bus102,16.13085453507985
711,t0006,bus109,25.80936725612775
710,t0006,bus084,35.48787997717567
709,t0006,bus093,38.71405088419164
708,t0006,bus103,74.201945255787
707,t0006,bus107,89.13122560636319
706,t0006,bus085,77.42811616280298
705,t0006,bus083,64.5234325347391
704,t0006,bus086,67.74960344175506
703,t0006,bus101,70.97577434877103
702,t0006,bus094,96.7851416048988
701,t0006,bus110,125.8206797680425
700,t0006,bus091,0.0
699,t0006,bus096,122.5945088610265
697,t0006,bus106,138.7253777905261
696,t0006,bus088,154.856232325606
695,t0006,bus082,174.2132577677018
694,t0006,bus104,122.5945088610265
693,t0006,bus105,100.0113125119148
692,t0006,bus112,80.65428706981893
691,t0006,bus111,0.0
690,t0006,bus090,251.6413739305047
689,t0006,bus089,0.0
688,t0006,bus092,209.7011377448774
687,t0006,bus100,119.3683379540106
686,t0006,bus087,0.0
684,t0006,bus068,0.0
713,t0006,bus108,6.452341814031938
654,t0006,bus055,59.07937482063666
652,t0006,bus062,72.20812535618526
620,t0006,bus008,0.0
619,t0006,bus117,87.60314960323527
618,t0006,bus002,87.60314960323527
617,t0006,bus115,96.3510840125593
616,t0006,bus031,188.3694724812866
615,t0006,bus029,105.1402853464658
614,t0006,bus016,109.5142572873753
613,t0006,bus019,197.1174068906106
612,t0006,bus006,227.7764489840747
611,t0006,bus013,148.9212337901635
610,t0006,bus003,170.8323414743035
608,t0006,bus075,193.9400999826321
621,t0006,bus024,0.0
607,t0006,bus070,272.3414026873739
605,t0006,bus074,280.5941861004311
604,t0006,bus018,262.8094630184483
603,t0006,bus032,258.4354910775388
602,t0006,bus113,0.0
601,t0006,bus011,306.6316641779859
600,t0006,bus015,394.2348279899637
599,t0006,bus012,205.8653555086772
598,t0006,bus025,0.0
597,t0006,bus010,0.0
596,t0006,bus026,0.0
653,t0006,bus076,63.76821664034726
606,t0006,bus001,223.4024912519077
622,t0006,bus072,0.0
609,t0006,bus027,271.5986643523548
624,t0006,bus004,131.4253649715154
623,t0006,bus073,0.0
650,t0006,bus056,78.77249976084887
649,t0006,bus046,26.25749934487585
648,t0006,bus078,66.58151897021948
647,t0006,bus060,73.1458933748831
646,t0006,bus061,0.0
645,t0006,bus054,105.9677671244226
644,t0006,bus049,81.58580381694244
643,t0006,bus059,259.7616962975503
642,t0006,bus080,121.9098234422861
641,t0006,bus099,0.0
640,t0006,bus069,0.0
639,t0006,bus066,36.57294582433089
638,t0006,bus065,0.0
651,t0006,bus036,30.86193929821171
625,t0006,bus007,83.22919187106827
637,t0006,bus071,0.0
626,t0006,bus020,78.85521519391123
627,t0006,bus028,74.4812432530017
628,t0006,bus014,61.3180841869282
630,t0006,bus017,47.02357294113062
629,t0006,bus021,61.3180841869282
632,t0006,bus114,35.03301403437363
633,t0006,bus023,30.6590420934641
634,t0006,bus005,0.0
635,t0006,bus009,0.0
636,t0006,bus030,0.0
631,t0006,bus022,43.82221536828013
795,t0007,bus044,15.79949907478116
792,t0007,bus040,19.53886537400802
793,t0007,bus050,16.78696788056182
794,t0007,bus051,16.78696788056182
796,t0007,bus097,14.81203208670989
802,t0007,bus064,0.0
798,t0007,bus058,11.84962203394914
799,t0007,bus037,0.0
800,t0007,bus038,0.0
801,t0007,bus063,0.0
791,t0007,bus052,17.77443668634248
797,t0007,bus057,11.84962203394914
790,t0007,bus043,17.77443668634248
783,t0007,bus116,0.0
788,t0007,bus048,19.74937429790379
787,t0007,bus053,22.71177889753639
786,t0007,bus033,24.11398536518286
785,t0007,bus039,26.66165412065903
784,t0007,bus067,27.6491211087303
782,t0007,bus118,32.5864651376336
781,t0007,bus098,33.57393212570486
780,t0007,bus047,33.57393212570486
779,t0007,bus035,34.5910277767543
778,t0007,bus041,36.53633854304684
777,t0007,bus079,38.51127615460817
776,t0007,bus034,61.84516063608859
789,t0007,bus042,36.53633854304684
803,t0007,bus068,0.0
775,t0007,bus045,52.33583761782801
805,t0007,bus087,0.0
832,t0007,bus108,6.617717124379448
831,t0007,bus102,16.54429281094862
830,t0007,bus109,26.47086849751779
829,t0007,bus084,36.39744418408697
828,t0007,bus093,39.7063027462767
827,t0007,bus103,76.10376169371632
826,t0007,bus107,91.41568364053784
825,t0007,bus085,79.41262025590608
824,t0007,bus083,66.17718600714717
823,t0007,bus086,69.48604456933688
822,t0007,bus101,72.79490313152661
821,t0007,bus094,99.26577162904441
820,t0007,bus110,129.0454986887519
819,t0007,bus091,0.0
818,t0007,bus096,125.7366401265622
817,t0007,bus095,138.9720891386738
816,t0007,bus106,142.2809477008635
815,t0007,bus088,158.8252405118122
814,t0007,bus082,178.6783918849505
813,t0007,bus104,125.7366401265622
812,t0007,bus105,102.5746301912341
811,t0007,bus112,82.72147881809578
810,t0007,bus111,0.0
809,t0007,bus090,258.0910121408565
808,t0007,bus089,0.0
807,t0007,bus092,215.0758360690374
806,t0007,bus100,122.4277815643725
804,t0007,bus081,0.0
774,t0007,bus077,60.23558624636388
743,t0007,bus004,134.0043814199516
772,t0007,bus076,67.14786970453788
740,t0007,bus024,0.0
739,t0007,bus008,0.0
738,t0007,bus117,89.32222387638288
737,t0007,bus002,89.32222387638288
736,t0007,bus115,98.2418227641459
735,t0007,bus031,192.0659276367871
734,t0007,bus029,107.2034983750968
733,t0007,bus016,111.6633026481673
732,t0007,bus019,200.9855265245502
731,t0007,bus006,232.2462041840975
730,t0007,bus013,151.8435791954777
729,t0007,bus003,174.1846579672621
728,t0007,bus027,276.9283617276664
727,t0007,bus075,197.745869956906
726,t0007,bus070,277.6856751364036
725,t0007,bus001,227.7864143985939
724,t0007,bus074,286.10040646699
723,t0007,bus018,267.9666861167154
722,t0007,bus032,263.506881843645
721,t0007,bus113,0.0
720,t0007,bus011,312.6488291727173
719,t0007,bus015,401.9710675366671
718,t0007,bus012,209.90513989988
717,t0007,bus025,0.0
716,t0007,bus010,0.0
715,t0007,bus026,0.0
741,t0007,bus072,0.0
742,t0007,bus073,0.0
773,t0007,bus055,62.21052385792521
744,t0007,bus007,84.86243409087923
770,t0007,bus036,32.4975918726648
769,t0007,bus056,82.94736514390027
768,t0007,bus046,27.6491211087303
767,t0007,bus078,70.11027430417047
766,t0007,bus060,77.0225541269257
765,t0007,bus061,0.0
764,t0007,bus054,111.5839550584112
763,t0007,bus049,85.90977156124225
762,t0007,bus059,273.5288119407986
761,t0007,bus080,128.3709247566825
760,t0007,bus099,0.0
759,t0007,bus069,0.0
758,t0007,bus066,38.51127615460817
771,t0007,bus062,76.03508532114505
756,t0007,bus071,0.0
757,t0007,bus065,0.0
745,t0007,bus020,80.40262498861986
746,t0007,bus028,75.9428207155494
747,t0007,bus014,62.52135531909483
749,t0007,bus017,47.94633673262325
748,t0007,bus021,62.52135531909483
751,t0007,bus114,35.72048193261786
752,t0007,bus023,31.26067765954742
753,t0007,bus005,0.0
754,t0007,bus009,0.0
755,t0007,bus030,0.0
750,t0007,bus022,44.6821575435688
912,t0008,bus050,17.88425786617168
909,t0008,bus043,18.93627314868326
910,t0008,bus052,18.93627314868326
911,t0008,bus040,20.81603475073055
913,t0008,bus051,17.88425786617168
919,t0008,bus038,0.0
915,t0008,bus097,15.78022923767357
916,t0008,bus057,12.62417951708881
917,t0008,bus058,12.62417951708881
918,t0008,bus037,0.0
908,t0008,bus042,38.92455770682803
914,t0008,bus044,16.83224258366011
907,t0008,bus048,21.0403037137064
901,t0008,bus118,34.71649851330677
905,t0008,bus033,25.69021013922303
904,t0008,bus039,28.40440875476238
903,t0008,bus067,29.45642210074892
902,t0008,bus116,0.0
900,t0008,bus098,35.76851185929333
899,t0008,bus047,35.76851185929333
898,t0008,bus035,36.85209056316353
897,t0008,bus041,38.92455770682803
896,t0008,bus079,41.02858827185118
895,t0008,bus034,65.8877057762978
894,t0008,bus045,55.75680029048815
920,t0008,bus063,0.0
906,t0008,bus053,24.19634762471609
921,t0008,bus064,0.0
935,t0008,bus106,147.6854139645768
923,t0008,bus081,0.0
950,t0008,bus102,17.17271899026921
949,t0008,bus109,27.47635038443073
948,t0008,bus084,37.77998177859226
947,t0008,bus093,41.2145255766461
946,t0008,bus103,78.99452267936913
945,t0008,bus107,94.88805985248354
944,t0008,bus085,82.42906647742299
943,t0008,bus083,68.69089128520761
942,t0008,bus086,72.12543508326145
941,t0008,bus101,75.5599788813153
940,t0008,bus094,103.036329265746
939,t0008,bus110,133.9472234482306
938,t0008,bus091,0.0
937,t0008,bus096,130.5126796501768
936,t0008,bus095,144.2508701665229
893,t0008,bus077,64.17292061405568
934,t0008,bus088,164.858132954846
933,t0008,bus082,185.465395743169
932,t0008,bus104,130.5126796501768
931,t0008,bus105,106.4708730637999
930,t0008,bus112,85.86361027547682
929,t0008,bus111,0.0
928,t0008,bus090,267.8944622205919
927,t0008,bus089,0.0
926,t0008,bus092,223.2453775217613
925,t0008,bus100,127.0781358521229
924,t0008,bus087,0.0
922,t0008,bus068,0.0
892,t0008,bus055,66.27695117907884
951,t0008,bus108,6.869087596107682
890,t0008,bus062,81.00516319771582
858,t0008,bus008,0.0
857,t0008,bus117,93.24011408030056
856,t0008,bus002,93.24011408030056
855,t0008,bus115,102.5509482910175
854,t0008,bus031,200.4904068283928
853,t0008,bus029,111.9057048124418
852,t0008,bus016,116.5611269588092
851,t0008,bus019,209.8012410391098
850,t0008,bus006,242.4330881283354
849,t0008,bus013,158.5038082587518
848,t0008,bus003,181.8248211372604
847,t0008,bus027,289.0751138853527
859,t0008,bus024,0.0
846,t0008,bus075,206.4194852471114
844,t0008,bus001,237.7776811049947
843,t0008,bus074,298.6494668372868
842,t0008,bus018,279.7203573639284
841,t0008,bus032,275.064935217561
840,t0008,bus113,0.0
839,t0008,bus011,326.3623679979189
838,t0008,bus015,419.6024972012463
837,t0008,bus012,219.1120903728535
836,t0008,bus025,0.0
835,t0008,bus010,0.0
834,t0008,bus026,0.0
845,t0008,bus070,289.8656449039593
860,t0008,bus072,0.0
891,t0008,bus076,71.53702952816171
862,t0008,bus004,139.8821398373179
889,t0008,bus036,34.62181599533098
888,t0008,bus056,88.36926823877178
887,t0008,bus046,29.45642210074892
886,t0008,bus078,74.69307343917141
885,t0008,bus060,82.05717848022738
884,t0008,bus061,0.0
883,t0008,bus054,118.8777056220323
861,t0008,bus073,0.0
881,t0008,bus059,291.4081829060546
880,t0008,bus080,136.761965424729
879,t0008,bus099,0.0
878,t0008,bus069,0.0
877,t0008,bus066,41.02858827185118
882,t0008,bus049,91.5253140863065
875,t0008,bus071,0.0
876,t0008,bus065,0.0
864,t0008,bus020,83.92927986958358
865,t0008,bus028,79.27385772321617
866,t0008,bus014,65.26369417845125
867,t0008,bus021,65.26369417845125
868,t0008,bus017,50.04937979230407
863,t0008,bus007,88.5847070569599
870,t0008,bus114,37.28726923559303
871,t0008,bus023,32.63184708922562
872,t0008,bus005,0.0
873,t0008,bus009,0.0
874,t0008,bus030,0.0
869,t0008,bus022,46.64202575701731
1028,t0009,bus043,19.87736068317935
1029,t0009,bus052,19.87736068317935
1030,t0009,bus040,21.85054194587588
1031,t0009,bus050,18.77306275451574
1032,t0009,bus051,18.77306275451574
1035,t0009,bus057,13.25157107843198
1034,t0009,bus097,16.56446892995421
1036,t0009,bus058,13.25157107843198
1037,t0009,bus037,0.0
1038,t0009,bus038,0.0
1033,t0009,bus044,17.66876482585213
1027,t0009,bus042,40.85901522949094
1013,t0009,bus045,58.52778005534307
1025,t0009,bus053,25.39884829373173
1024,t0009,bus033,26.96695220619565
1023,t0009,bus039,29.81604000838619
1022,t0009,bus067,30.92033590428411
1021,t0009,bus116,0.0
1020,t0009,bus118,36.44182554760218
1019,t0009,bus098,37.5461214435001
1018,t0009,bus047,37.5461214435001
1017,t0009,bus035,38.68355142015513
1016,t0009,bus041,40.85901522949094
1015,t0009,bus079,43.06761108681818
1014,t0009,bus034,69.16216733986752
1039,t0009,bus063,0.0
1026,t0009,bus048,22.08595654050658
1040,t0009,bus064,0.0
1055,t0009,bus095,150.2936852905078
1042,t0009,bus081,0.0
1012,t0009,bus077,67.36216145188628
1069,t0009,bus102,17.89210159028089
1068,t0009,bus109,28.62736254444942
1067,t0009,bus084,39.36262349861796
1066,t0009,bus093,42.94104381667414
1065,t0009,bus103,82.30368328136623
1064,t0009,bus107,98.86301683194749
1063,t0009,bus085,85.88210359942244
1062,t0009,bus083,71.56842232719771
1061,t0009,bus086,75.14684264525388
1060,t0009,bus101,78.72526296331006
1059,t0009,bus094,107.3526255077595
1058,t0009,bus110,139.5584083702651
1057,t0009,bus091,0.0
1056,t0009,bus096,135.9799880522089
1054,t0009,bus106,153.872105608564
1053,t0009,bus088,171.7642071988449
1052,t0009,bus082,193.2347291071819
1051,t0009,bus104,135.9799880522089
1050,t0009,bus105,110.9310458258157
1049,t0009,bus112,89.4605239174786
1048,t0009,bus111,0.0
1047,t0009,bus090,279.1168327066043
1046,t0009,bus089,0.0
1045,t0009,bus092,232.5973526057999
1044,t0009,bus100,132.4015677341527
1043,t0009,bus087,0.0
1041,t0009,bus068,0.0
1070,t0009,bus108,7.156840636112355
1011,t0009,bus055,69.57075730921352
1009,t0009,bus062,85.03092627773842
977,t0009,bus008,0.0
976,t0009,bus117,96.55832721219
975,t0009,bus002,96.55832721219
974,t0009,bus115,106.2005137882659
973,t0009,bus031,207.6254249192424
972,t0009,bus029,115.8881857746829
971,t0009,bus016,120.7092842831284
970,t0009,bus019,217.2676114953184
969,t0009,bus006,251.0607551423326
968,t0009,bus013,164.1446145062186
966,t0009,bus027,299.3626692842094
965,t0009,bus075,213.7655063602444
978,t0009,bus024,0.0
964,t0009,bus070,300.1813335846441
962,t0009,bus074,309.2777526611094
961,t0009,bus018,289.6749972977924
960,t0009,bus032,284.8538987893469
959,t0009,bus113,0.0
958,t0009,bus011,337.9768957784467
957,t0009,bus015,434.5352386518592
956,t0009,bus012,226.9098137326167
955,t0009,bus025,0.0
954,t0009,bus010,0.0
953,t0009,bus026,0.0
1010,t0009,bus076,75.09224898529727
963,t0009,bus001,246.2396722951097
979,t0009,bus072,0.0
967,t0009,bus003,188.2955715771569
981,t0009,bus004,144.8602413540667
980,t0009,bus073,0.0
1007,t0009,bus056,92.76100974561803
1006,t0009,bus046,30.92033590428411
1005,t0009,bus078,78.40514073852242
1004,t0009,bus060,86.13522420640203
1003,t0009,bus061,0.0
1002,t0009,bus054,124.7856435785657
1001,t0009,bus049,96.07390353160886
1000,t0009,bus059,305.890473387913
999,t0009,bus080,143.5587083658472
998,t0009,bus099,0.0
997,t0009,bus069,0.0
996,t0009,bus066,43.06761108681818
995,t0009,bus065,0.0
1008,t0009,bus036,36.3424375346907
993,t0009,bus030,0.0
994,t0009,bus071,0.0
982,t0009,bus007,91.73724436496698
983,t0009,bus020,86.91614063611406
984,t0009,bus028,82.09504212766862
985,t0009,bus014,67.58628729402861
987,t0009,bus017,51.83052850611536
986,t0009,bus021,67.58628729402861
989,t0009,bus114,38.61424215545974
990,t0009,bus023,33.7931436470143
991,t0009,bus005,0.0
992,t0009,bus009,0.0
988,t0009,bus022,48.30191414187676
1149,t0010,bus040,23.26819995403795
1148,t0010,bus052,21.16699915637767
1147,t0010,bus043,21.16699915637767
1150,t0010,bus050,19.99105463854274
1156,t0010,bus037,0.0
1152,t0010,bus044,18.81511012070781
1153,t0010,bus097,17.63916776752394
1154,t0010,bus057,14.11132988471705
1155,t0010,bus058,14.11132988471705
1157,t0010,bus038,0.0
1151,t0010,bus051,19.99105463854274
1146,t0010,bus042,43.50993850128817
1140,t0010,bus116,0.0
1144,t0010,bus053,27.04671958090127
1143,t0010,bus033,28.7165617053803
1142,t0010,bus039,31.75049765224098
1141,t0010,bus067,32.92644000542486
1139,t0010,bus118,38.80616259459951
1138,t0010,bus098,39.98210494778338
1137,t0010,bus047,39.98210494778338
1136,t0010,bus035,41.19333111306947
1135,t0010,bus041,43.50993850128817
1134,t0010,bus079,45.86182753695804
1133,t0010,bus034,73.64939244549994
1158,t0010,bus063,0.0
1132,t0010,bus045,62.32504862199599
1145,t0010,bus048,23.51888819204753
1159,t0010,bus064,0.0
1174,t0010,bus095,154.7389745771172
1161,t0010,bus081,0.0
1189,t0010,bus108,7.368521033357168
1188,t0010,bus102,18.42130258339292
1187,t0010,bus109,29.47408413342867
1186,t0010,bus084,40.52686568346443
1185,t0010,bus093,44.21112620014301
1184,t0010,bus103,84.73800832191579
1183,t0010,bus107,101.787123115691
1182,t0010,bus085,88.42226883859439
1181,t0010,bus083,73.68522677188004
1180,t0010,bus086,77.36948728855862
1179,t0010,bus101,81.05374780523721
1178,t0010,bus094,110.5278319386659
1177,t0010,bus110,143.6861765887732
1176,t0010,bus091,0.0
1175,t0010,bus096,140.0019160720946
1173,t0010,bus106,158.4232350937959
1172,t0010,bus088,176.8445376771888
1171,t0010,bus082,198.9501007772603
1170,t0010,bus104,140.0019160720946
1169,t0010,bus105,114.2120924553445
1168,t0010,bus112,92.10652935527295
1167,t0010,bus111,0.0
1166,t0010,bus090,287.3723696158546
1165,t0010,bus089,0.0
1164,t0010,bus092,239.4769664607247
1163,t0010,bus100,136.317655555416
1162,t0010,bus087,0.0
1160,t0010,bus068,0.0
1131,t0010,bus077,71.73260260002435
1130,t0010,bus055,74.08449163569422
1128,t0010,bus062,90.54771272073219
1096,t0010,bus008,0.0
1095,t0010,bus117,102.5950764039409
1094,t0010,bus002,102.5950764039409
1093,t0010,bus115,112.8400847531397
1092,t0010,bus031,220.6060000001862
1091,t0010,bus029,123.1334222240616
1090,t0010,bus016,128.2559319454442
1089,t0010,bus019,230.8510083493851
1088,t0010,bus006,266.7568722400873
1087,t0010,bus013,174.4068041853453
1086,t0010,bus003,200.0676597268486
1085,t0010,bus027,318.078583323094
1097,t0010,bus024,0.0
1084,t0010,bus075,227.1299544094388
1082,t0010,bus001,261.6343791590542
1081,t0010,bus074,328.6135497622814
1080,t0010,bus018,307.7852458521721
1079,t0010,bus032,302.6627361307895
1078,t0010,bus113,0.0
1077,t0010,bus011,359.1069402948293
1076,t0010,bus015,461.7020333391197
1075,t0010,bus012,241.0960333389334
1074,t0010,bus025,0.0
1073,t0010,bus010,0.0
1072,t0010,bus026,0.0
1083,t0010,bus070,318.9484298591436
1098,t0010,bus072,0.0
1129,t0010,bus076,79.96421638951992
1100,t0010,bus004,153.9167874869476
1127,t0010,bus036,38.70032631085025
1126,t0010,bus056,98.77932218092563
1125,t0010,bus046,32.92644000542486
1124,t0010,bus078,83.49204777837366
1123,t0010,bus060,91.7236572385671
1122,t0010,bus061,0.0
1121,t0010,bus054,132.8817067041854
1099,t0010,bus073,0.0
1119,t0010,bus059,325.736575159348
1118,t0010,bus080,152.8727635073792
1117,t0010,bus099,0.0
1116,t0010,bus069,0.0
1115,t0010,bus066,45.86182753695804
1120,t0010,bus049,102.3071557344304
1113,t0010,bus071,0.0
1114,t0010,bus065,0.0
1102,t0010,bus020,92.35006805474201
1103,t0010,bus028,87.2275583333594
1104,t0010,bus014,71.81172778140441
1105,t0010,bus021,71.81172778140441
1106,t0010,bus017,55.07093158786854
1101,t0010,bus007,97.47258332290777
1108,t0010,bus114,41.02837361208481
1109,t0010,bus023,35.90586389070221
1110,t0010,bus005,0.0
1111,t0010,bus009,0.0
1112,t0010,bus030,0.0
1107,t0010,bus022,51.32171108300669
1266,t0011,bus043,21.92219285689917
1267,t0011,bus052,21.92219285689917
1268,t0011,bus040,24.09836004890759
1269,t0011,bus050,20.70429312918915
1270,t0011,bus051,20.70429312918915
1273,t0011,bus057,14.61479224875783
1272,t0011,bus097,18.26849591565032
1274,t0011,bus058,14.61479224875783
1275,t0011,bus037,0.0
1276,t0011,bus038,0.0
1271,t0011,bus044,19.48639340147913
1265,t0011,bus042,45.06228095774593
1251,t0011,bus045,64.54867435922506
1263,t0011,bus053,28.01168925356806
1262,t0011,bus033,29.7411078085064
1261,t0011,bus039,32.88328816440815
1260,t0011,bus067,34.10118565023696
1259,t0011,bus116,0.0
1258,t0011,bus118,40.19068428878706
1257,t0011,bus098,41.40858177461587
1256,t0011,bus047,41.40858177461587
1255,t0011,bus035,42.66302192423545
1254,t0011,bus041,45.06228095774593
1253,t0011,bus079,47.49808041316598
1252,t0011,bus034,76.2770467866359
1277,t0011,bus063,0.0
1264,t0011,bus048,24.35799231231921
1278,t0011,bus064,0.0
1293,t0011,bus095,156.4754157046993
1280,t0011,bus081,0.0
1250,t0011,bus077,74.29186993902401
1307,t0011,bus102,18.62802172132735
1306,t0011,bus109,29.80483475412375
1305,t0011,bus084,40.98164778692016
1304,t0011,bus093,44.70725213118563
1303,t0011,bus103,85.68891654088061
1302,t0011,bus107,102.9293521327785
1301,t0011,bus085,89.4145208851461
1300,t0011,bus083,74.51210350808422
1299,t0011,bus086,78.23770785234967
1298,t0011,bus101,81.96331219661515
1297,t0011,bus094,111.7681469507389
1296,t0011,bus110,145.2985860491281
1295,t0011,bus091,0.0
1294,t0011,bus096,141.5729817048627
1292,t0011,bus106,160.2010200489648
1291,t0011,bus088,178.8290417702922
1290,t0011,bus082,201.182667835885
1289,t0011,bus104,141.5729817048627
1288,t0011,bus105,115.4937512950044
1287,t0011,bus112,93.14012522941155
1286,t0011,bus111,0.0
1285,t0011,bus090,290.597188721031
1284,t0011,bus089,0.0
1283,t0011,bus092,242.1643156228051
1282,t0011,bus100,137.8473773605972
1281,t0011,bus087,0.0
1279,t0011,bus068,0.0
1249,t0011,bus055,76.72766939444406
1308,t0011,bus108,7.451208688530937
1247,t0011,bus062,93.77826334050314
1215,t0011,bus008,0.0
1214,t0011,bus117,110.3309106331049
1213,t0011,bus002,110.3309106331049
1212,t0011,bus115,121.3484091352792
1211,t0011,bus031,237.2400481999383
1210,t0011,bus029,132.417880852901
1209,t0011,bus016,137.9266360690077
1208,t0011,bus019,248.2575467021126
1207,t0011,bus006,286.8707706401896
1206,t0011,bus013,187.557358509259
1205,t0011,bus003,215.1530839451618
1204,t0011,bus027,342.0622215119952
1216,t0011,bus024,0.0
1203,t0011,bus075,244.2559192936709
1201,t0011,bus001,281.3620333191416
1200,t0011,bus074,353.3915414117959
1199,t0011,bus018,330.9927497943734
1198,t0011,bus032,325.4839945782667
1197,t0011,bus113,0.0
1196,t0011,bus011,386.1841827711202
1195,t0011,bus015,496.5151112992839
1194,t0011,bus012,259.2750630993456
1193,t0011,bus025,0.0
1192,t0011,bus010,0.0
1191,t0011,bus026,0.0
1202,t0011,bus070,342.9976558797767
1217,t0011,bus072,0.0
1248,t0011,bus076,82.81717027487538
1219,t0011,bus004,165.5223615049105
1246,t0011,bus036,40.08107199058325
1245,t0011,bus056,102.3035591925921
1244,t0011,bus046,34.10118565023696
1243,t0011,bus078,86.47086721612423
1242,t0011,bus060,94.99616306821316
1241,t0011,bus061,0.0
1240,t0011,bus054,137.6226445705391
1218,t0011,bus073,0.0
1238,t0011,bus059,337.3581662867643
1237,t0011,bus080,158.3269399416095
1236,t0011,bus099,0.0
1235,t0011,bus069,0.0
1234,t0011,bus066,47.49808041316598
1239,t0011,bus049,105.9572583757221
1232,t0011,bus071,0.0
1233,t0011,bus065,0.0
1221,t0011,bus020,99.31341213093063
1222,t0011,bus028,93.80465691482392
1223,t0011,bus014,77.22644787615411
1224,t0011,bus021,77.22644787615411
1225,t0011,bus017,59.22336864958528
1220,t0011,bus007,104.8221733120569
1227,t0011,bus114,44.12197915418376
1228,t0011,bus023,38.61322393807706
1229,t0011,bus005,0.0
1230,t0011,bus009,0.0
1231,t0011,bus030,0.0
1226,t0011,bus022,55.19145087180556
1385,t0012,bus043,21.82924593991193
1386,t0012,bus052,21.82924593991193
1387,t0012,bus040,23.99618649876981
1388,t0012,bus050,20.61650993034037
1389,t0012,bus051,20.61650993034037
1392,t0012,bus057,14.55282765010667
1391,t0012,bus097,18.19104014357324
1393,t0012,bus058,14.55282765010667
1394,t0012,bus037,0.0
1395,t0012,bus038,0.0
1390,t0012,bus044,19.40377392076883
1384,t0012,bus042,44.87122342464347
1370,t0012,bus045,64.2749973454123
1382,t0012,bus053,27.89292375539371
1381,t0012,bus033,29.61500982658321
1380,t0012,bus039,32.74386779367991
1379,t0012,bus067,33.95660157087549
1378,t0012,bus116,0.0
1377,t0012,bus118,40.02028161873324
1376,t0012,bus098,41.23301539592882
1375,t0012,bus047,41.23301539592882
1374,t0012,bus035,42.48213690132275
1373,t0012,bus041,44.87122342464347
1372,t0012,bus079,47.29669544378658
1371,t0012,bus034,75.95364317541924
1396,t0012,bus063,0.0
1383,t0012,bus048,24.25471795905502
1397,t0012,bus064,0.0
1412,t0012,bus095,154.183313416291
1399,t0012,bus081,0.0
1369,t0012,bus077,73.97688318960873
1426,t0012,bus102,18.35515245925391
1425,t0012,bus109,29.36824393480625
1424,t0012,bus084,40.3813354103586
1423,t0012,bus093,44.05236590220938
1422,t0012,bus103,84.43371769184705
1421,t0012,bus107,101.421609830223
1420,t0012,bus085,88.10474818369785
1419,t0012,bus083,73.4206262162947
1418,t0012,bus086,77.09165670814549
1417,t0012,bus101,80.76268719999626
1416,t0012,bus094,110.1309311348025
1415,t0012,bus110,143.1702055614596
1414,t0012,bus091,0.0
1413,t0012,bus096,139.4991750696088
1411,t0012,bus106,157.8543439081418
1410,t0012,bus088,176.2094963673957
1409,t0012,bus082,198.2356793185004
1408,t0012,bus104,139.4991750696088
1407,t0012,bus105,113.8019616266533
1406,t0012,bus112,91.77577867554861
1405,t0012,bus111,0.0
1404,t0012,bus090,286.3404275021982
1403,t0012,bus089,0.0
1402,t0012,bus092,238.6170147288589
1401,t0012,bus100,135.828144577758
1400,t0012,bus087,0.0
1398,t0012,bus068,0.0
1427,t0012,bus108,7.342060983701562
1368,t0012,bus055,76.40235520875183
1366,t0012,bus062,93.38065711037757
1334,t0012,bus008,0.0
1333,t0012,bus117,115.1683056807992
1332,t0012,bus002,115.1683056807992
1331,t0012,bus115,126.6688600409064
1330,t0012,bus031,247.6417010793698
1329,t0012,bus029,138.2236663520718
1328,t0012,bus016,143.9739497586778
1327,t0012,bus019,259.142255439477
1326,t0012,bus006,299.4484538774628
1325,t0012,bus013,195.7807025567708
1324,t0012,bus003,224.5863466346495
1322,t0012,bus075,254.9651789887204
1335,t0012,bus024,0.0
1321,t0012,bus070,358.0361899805341
1319,t0012,bus074,368.8857894200194
1318,t0012,bus018,345.5049357220547
1317,t0012,bus032,339.7546523154487
1316,t0012,bus113,0.0
1315,t0012,bus011,403.1162051981547
1314,t0012,bus015,518.2845295586112
1313,t0012,bus012,270.6428284792414
1312,t0012,bus025,0.0
1311,t0012,bus010,0.0
1310,t0012,bus026,0.0
1367,t0012,bus076,82.46603748898553
1320,t0012,bus001,293.6981891505141
1336,t0012,bus072,0.0
1323,t0012,bus027,357.0597420332201
1338,t0012,bus004,172.7795938365564
1337,t0012,bus073,0.0
1364,t0012,bus056,101.8698069450024
1363,t0012,bus046,33.95660157087549
1362,t0012,bus078,86.10424328532423
1361,t0012,bus060,94.59339311994911
1360,t0012,bus061,0.0
1359,t0012,bus054,137.0391445254495
1358,t0012,bus049,105.5080149737171
1357,t0012,bus059,335.9278166095442
1356,t0012,bus080,157.6556566881659
1355,t0012,bus099,0.0
1354,t0012,bus069,0.0
1353,t0012,bus066,47.29669544378658
1352,t0012,bus065,0.0
1365,t0012,bus036,39.91113406076999
1339,t0012,bus007,109.4180409538504
1351,t0012,bus071,0.0
1340,t0012,bus020,103.667751320692
1341,t0012,bus028,97.91746791408593
1342,t0012,bus014,80.61239687597171
1344,t0012,bus017,61.81998303959934
1343,t0012,bus021,80.61239687597171
1346,t0012,bus114,46.05648184459186
1347,t0012,bus023,40.30619843798586
1348,t0012,bus005,0.0
1349,t0012,bus009,0.0
1350,t0012,bus030,0.0
1345,t0012,bus022,57.61128815575729
1509,t0013,bus044,18.85641986106296
1506,t0013,bus040,23.31928672910685
1507,t0013,bus050,20.03494623796713
1508,t0013,bus051,20.03494623796713
1510,t0013,bus097,17.67789565356248
1516,t0013,bus064,0.0
1512,t0013,bus058,14.14231218404263
1513,t0013,bus037,0.0
1514,t0013,bus038,0.0
1515,t0013,bus063,0.0
1505,t0013,bus052,21.21347261487129
1511,t0013,bus057,14.14231218404263
1504,t0013,bus043,21.21347261487129
1497,t0013,bus116,0.0
1502,t0013,bus048,23.57052536867962
1501,t0013,bus053,27.10610232998844
1500,t0013,bus033,28.7796106963419
1499,t0013,bus039,31.82020783760511
1498,t0013,bus067,32.99873204510559
1496,t0013,bus118,38.89136392962642
1495,t0013,bus098,40.06988813712691
1494,t0013,bus047,40.06988813712691
1493,t0013,bus035,41.28377362452582
1492,t0013,bus041,43.60546726783939
1491,t0013,bus079,45.96252002164773
1490,t0013,bus034,73.81109425110827
1503,t0013,bus042,43.60546726783939
1517,t0013,bus068,0.0
1489,t0013,bus045,62.46188712890237
1519,t0013,bus087,0.0
1546,t0013,bus108,7.136995598870659
1545,t0013,bus102,17.84248899717665
1544,t0013,bus109,28.54798239548263
1543,t0013,bus084,39.25347579378862
1542,t0013,bus093,42.82197359322396
1541,t0013,bus103,82.07546530881477
1540,t0013,bus107,98.58888186784661
1539,t0013,bus085,85.64396310825012
1538,t0013,bus083,71.3699719105088
1537,t0013,bus086,74.93846970994412
1536,t0013,bus101,78.50696750937945
1535,t0013,bus094,107.0549499048621
1534,t0013,bus110,139.1714300997801
1533,t0013,bus091,0.0
1532,t0013,bus096,135.6029323003447
1531,t0013,bus095,149.8769394198882
1530,t0013,bus106,153.4454372193236
1529,t0013,bus088,171.2879262165002
1528,t0013,bus082,192.6989130131122
1527,t0013,bus104,135.6029323003447
1526,t0013,bus105,110.6234477042974
1525,t0013,bus112,89.21246090768544
1524,t0013,bus111,0.0
1523,t0013,bus090,278.3428761213623
1522,t0013,bus089,0.0
1521,t0013,bus092,231.9523888069008
1520,t0013,bus100,132.0344345009094
1518,t0013,bus081,0.0
1488,t0013,bus077,71.89009597473199
1457,t0013,bus004,176.9180155793962
1486,t0013,bus076,80.13978278246483
1454,t0013,bus024,0.0
1453,t0013,bus008,0.0
1452,t0013,bus117,117.9268202121291
1451,t0013,bus002,117.9268202121291
1450,t0013,bus115,129.7028361771733
1449,t0013,bus031,253.5732221428476
1448,t0013,bus029,141.5344035375496
1447,t0013,bus016,147.4224178957627
1446,t0013,bus019,265.3492381078918
1445,t0013,bus006,306.6208517565694
1444,t0013,bus013,200.4700475094845
1443,t0013,bus003,229.9656451931181
1442,t0013,bus027,365.6120471238365
1441,t0013,bus075,261.0721122032531
1440,t0013,bus070,366.6118829801402
1439,t0013,bus001,300.7328565254293
1438,t0013,bus074,377.7213523338002
1437,t0013,bus018,353.7804797634602
1436,t0013,bus032,347.8924654052472
1435,t0013,bus113,0.0
1434,t0013,bus011,412.7716560036544
1433,t0013,bus015,530.6984953428564
1432,t0013,bus012,277.1252732000088
1431,t0013,bus025,0.0
1430,t0013,bus010,0.0
1429,t0013,bus026,0.0
1455,t0013,bus072,0.0
1456,t0013,bus073,0.0
1487,t0013,bus055,74.24714872854034
1458,t0013,bus007,112.0388249809889
1484,t0013,bus036,38.78529527575688
1483,t0013,bus056,98.99619830472045
1482,t0013,bus046,32.99873204510559
1481,t0013,bus078,83.67535974377365
1480,t0013,bus060,91.92504221269914
1479,t0013,bus061,0.0
1478,t0013,bus054,133.1734567267302
1477,t0013,bus049,102.5317774354329
1476,t0013,bus059,326.4517499979581
1475,t0013,bus080,153.208405134101
1474,t0013,bus099,0.0
1473,t0013,bus069,0.0
1472,t0013,bus066,45.96252002164773
1485,t0013,bus062,90.74651583579498
1470,t0013,bus071,0.0
1471,t0013,bus065,0.0
1459,t0013,bus020,106.1508042470849
1460,t0013,bus028,100.2627898888719
1461,t0013,bus014,82.54322729735543
1463,t0013,bus017,63.30069703059918
1462,t0013,bus021,82.54322729735543
1465,t0013,bus114,47.15962800689077
1466,t0013,bus023,41.27161364867771
1467,t0013,bus005,0.0
1468,t0013,bus009,0.0
1469,t0013,bus030,0.0
1464,t0013,bus022,58.99119536726704
1627,t0014,bus051,19.36559934674511
1624,t0014,bus052,20.50475237284342
1625,t0014,bus040,22.54021340930609
1626,t0014,bus050,19.36559934674511
1628,t0014,bus044,18.2264463206468
1634,t0014,bus063,0.0
1630,t0014,bus057,13.66983211932743
1631,t0014,bus058,13.66983211932743
1632,t0014,bus037,0.0
1633,t0014,bus038,0.0
1623,t0014,bus043,20.50475237284342
1629,t0014,bus097,17.08729539147463
1622,t0014,bus042,42.14865357793286
1615,t0014,bus118,37.59204357046578
1619,t0014,bus033,27.8181135841774
1618,t0014,bus039,30.75712751080206
1617,t0014,bus067,31.89627843997423
1616,t0014,bus116,0.0
1614,t0014,bus098,38.73119449963794
1613,t0014,bus047,38.73119449963794
1612,t0014,bus035,39.90452532481619
1611,t0014,bus041,42.14865357793286
1610,t0014,bus079,44.4269596301295
1609,t0014,bus034,71.34514171558064
1608,t0014,bus045,60.37509989857967
1635,t0014,bus064,0.0
1620,t0014,bus053,26.20051540640882
1636,t0014,bus068,0.0
1650,t0014,bus095,147.932125356996
1638,t0014,bus087,0.0
1665,t0014,bus108,7.044385425076027
1664,t0014,bus102,17.61096356269007
1663,t0014,bus109,28.17754170030411
1662,t0014,bus084,38.74411983791815
1661,t0014,bus093,42.26631255045616
1660,t0014,bus103,81.01044810357403
1659,t0014,bus107,97.30958536870844
1658,t0014,bus085,84.53264081611208
1657,t0014,bus083,70.44386996596
1656,t0014,bus086,73.96606267849802
1655,t0014,bus101,77.48825539103603
1654,t0014,bus094,105.6657970913402
1653,t0014,bus110,137.3655315041823
1652,t0014,bus091,0.0
1651,t0014,bus096,133.8433387916442
1607,t0014,bus077,69.48832201043999
1649,t0014,bus106,151.4543180695341
1648,t0014,bus088,169.0652816322242
1647,t0014,bus082,190.1984379074522
1646,t0014,bus104,133.8433387916442
1645,t0014,bus105,109.1879898038782
1644,t0014,bus112,88.05483352865008
1643,t0014,bus111,0.0
1642,t0014,bus090,274.7310787235642
1641,t0014,bus089,0.0
1640,t0014,bus092,228.9425577453704
1639,t0014,bus100,130.3211460791063
1637,t0014,bus081,0.0
1606,t0014,bus055,71.76662806263661
1621,t0014,bus048,22.78305842504003
1604,t0014,bus062,87.7147683310868
1573,t0014,bus024,0.0
1572,t0014,bus008,0.0
1571,t0014,bus117,118.4065618697516
1570,t0014,bus002,118.4065618697516
1569,t0014,bus115,130.2304842008717
1568,t0014,bus031,254.6047910234521
1567,t0014,bus029,142.1101839176325
1566,t0014,bus016,148.0221514848207
1565,t0014,bus019,266.4287133545722
1564,t0014,bus006,307.8682253007615
1563,t0014,bus013,201.2855857621301
1562,t0014,bus003,230.9011753771992
1561,t0014,bus027,367.0994045308997
1560,t0014,bus075,262.1341875449106
1559,t0014,bus070,368.1033078496363
1558,t0014,bus001,301.9562769384576
1557,t0014,bus074,379.257971970979
1556,t0014,bus018,355.2197048141389
1555,t0014,bus032,349.3077372469508
1554,t0014,bus113,0.0
1553,t0014,bus011,414.4508648393929
1552,t0014,bus015,532.8574459140287
1551,t0014,bus012,278.2526548905767
1550,t0014,bus025,0.0
1549,t0014,bus010,0.0
1548,t0014,bus026,0.0
1605,t0014,bus076,77.46239529005429
1574,t0014,bus072,0.0
1575,t0014,bus073,0.0
1577,t0014,bus007,112.4946135074477
1576,t0014,bus004,177.6377410998898
1602,t0014,bus056,95.68883741684883
1601,t0014,bus046,31.89627843997423
1600,t0014,bus078,80.87985227142309
1599,t0014,bus060,88.8539213571851
1598,t0014,bus061,0.0
1597,t0014,bus054,128.7242688829213
1596,t0014,bus049,99.10629649514375
1595,t0014,bus059,315.5453337091519
1594,t0014,bus080,148.0898703265926
1593,t0014,bus099,0.0
1592,t0014,bus069,0.0
1591,t0014,bus066,44.4269596301295
1603,t0014,bus036,37.48951856093051
1590,t0014,bus065,0.0
1578,t0014,bus020,106.5826395386314
1579,t0014,bus028,100.6706719714432
1580,t0014,bus014,82.87902389237856
1581,t0014,bus021,82.87902389237856
1583,t0014,bus022,59.23117923013822
1582,t0014,bus017,63.55821250729472
1585,t0014,bus023,41.43951194618928
1586,t0014,bus005,0.0
1587,t0014,bus009,0.0
1588,t0014,bus030,0.0
1589,t0014,bus071,0.0
1584,t0014,bus114,47.35147951337747
1746,t0015,bus051,18.63041505638645
1744,t0015,bus040,21.68450992690195
1745,t0015,bus050,18.63041505638645
1747,t0015,bus044,17.53450816969786
1753,t0015,bus063,0.0
1749,t0015,bus057,13.15087860562382
1750,t0015,bus058,13.15087860562382
1751,t0015,bus037,0.0
1752,t0015,bus038,0.0
1743,t0015,bus052,19.72632194307505
1748,t0015,bus097,16.43860330032892
1742,t0015,bus043,19.72632194307505
1736,t0015,bus067,30.68538677532169
1740,t0015,bus048,21.91813571645224
1739,t0015,bus053,25.20585435919837
1738,t0015,bus033,26.76204298557043
1737,t0015,bus039,29.58948190595275
1728,t0015,bus034,68.63663647164032
1735,t0015,bus116,0.0
1734,t0015,bus118,36.16492120876466
1733,t0015,bus098,37.2608260781336
1732,t0015,bus047,37.2608260781336
1731,t0015,bus035,38.38961325792192
1730,t0015,bus041,40.54854673819938
1729,t0015,bus079,42.74036051157658
1754,t0015,bus064,0.0
1741,t0015,bus042,40.54854673819938
1755,t0015,bus068,0.0
1769,t0015,bus095,149.2518206139586
1757,t0015,bus087,0.0
1727,t0015,bus045,58.08305490789724
1784,t0015,bus108,7.107228043008099
1783,t0015,bus102,17.76807010752025
1782,t0015,bus109,28.4289121720324
1781,t0015,bus084,39.08975423654455
1780,t0015,bus093,42.6433682580486
1779,t0015,bus103,81.7331383499874
1778,t0015,bus107,98.17767942169506
1777,t0015,bus085,85.28675237149147
1776,t0015,bus083,71.07229628547526
1775,t0015,bus086,74.6259103069793
1774,t0015,bus101,78.17952432848335
1773,t0015,bus094,106.6084365005158
1772,t0015,bus110,138.5909626940522
1771,t0015,bus091,0.0
1770,t0015,bus096,135.0373486725481
1768,t0015,bus106,152.8054346354627
1767,t0015,bus088,170.5735047429829
1766,t0015,bus082,191.8951888720072
1765,t0015,bus104,135.0373486725481
1764,t0015,bus105,110.1620505220198
1763,t0015,bus112,88.8403663929955
1762,t0015,bus111,0.0
1761,t0015,bus090,277.1819412434987
1760,t0015,bus089,0.0
1759,t0015,bus092,230.9849431085518
1758,t0015,bus100,131.4837346510441
1756,t0015,bus081,0.0
1726,t0015,bus077,66.85030798408633
1680,t0015,bus027,364.8683684203045
1724,t0015,bus076,74.52165820822616
1692,t0015,bus024,0.0
1691,t0015,bus008,0.0
1690,t0015,bus117,117.6869493833178
1689,t0015,bus002,117.6869493833178
1688,t0015,bus115,129.439012165324
1687,t0015,bus031,253.057437702545
1686,t0015,bus029,141.246513347508
1685,t0015,bus016,147.1225511012335
1684,t0015,bus019,264.8095004845512
1683,t0015,bus006,305.997164984473
1682,t0015,bus013,200.0622783831615
1681,t0015,bus003,229.4978801010772
1693,t0015,bus072,0.0
1679,t0015,bus075,260.541074532424
1677,t0015,bus001,300.1211463189148
1676,t0015,bus074,376.9530425152104
1675,t0015,bus018,353.0608672381205
1674,t0015,bus032,347.184829484395
1673,t0015,bus113,0.0
1672,t0015,bus011,411.9320515857846
1671,t0015,bus015,529.6190200572696
1670,t0015,bus012,276.5615823547246
1669,t0015,bus025,0.0
1668,t0015,bus010,0.0
1667,t0015,bus026,0.0
1725,t0015,bus055,69.04212175746353
1678,t0015,bus070,365.8661705453916
1694,t0015,bus073,0.0
1696,t0015,bus007,111.8109307177594
1695,t0015,bus004,176.5581528191491
1722,t0015,bus036,36.06628839874409
1721,t0015,bus056,92.05616234328471
1720,t0015,bus046,30.68538677532169
1719,t0015,bus078,77.8093768509723
1718,t0015,bus060,85.4807230404728
1717,t0015,bus061,0.0
1716,t0015,bus054,123.837456005295
1715,t0015,bus049,95.3438830033505
1714,t0015,bus059,303.5661551624297
1713,t0015,bus080,142.4678730790011
1712,t0015,bus099,0.0
1711,t0015,bus069,0.0
1710,t0015,bus066,42.74036051157658
1723,t0015,bus062,84.38481615378421
1709,t0015,bus065,0.0
1697,t0015,bus020,105.9348866013116
1698,t0015,bus028,100.0588488475861
1699,t0015,bus014,82.37532899984376
1700,t0015,bus021,82.37532899984376
1702,t0015,bus022,58.87120343583138
1701,t0015,bus017,63.17193929225134
1704,t0015,bus023,41.18766449992188
1705,t0015,bus005,0.0
1706,t0015,bus009,0.0
1707,t0015,bus030,0.0
1708,t0015,bus071,0.0
1703,t0015,bus114,47.06370225364736
1866,t0016,bus044,16.87355232401536
1863,t0016,bus040,20.86712152579956
1864,t0016,bus050,17.92814946559617
1865,t0016,bus051,17.92814946559617
1867,t0016,bus097,15.81895712371219
1873,t0016,bus064,0.0
1869,t0016,bus058,12.65516181641446
1870,t0016,bus037,0.0
1871,t0016,bus038,0.0
1872,t0016,bus063,0.0
1868,t0016,bus057,12.65516181641446
1862,t0016,bus052,18.98274660717698
1855,t0016,bus067,29.52871414042981
1860,t0016,bus042,39.02008647337947
1858,t0016,bus053,24.2557303738034
1857,t0016,bus033,25.75325913018476
1856,t0016,bus039,28.47411894012665
1847,t0016,bus034,66.04940758190651
1854,t0016,bus116,0.0
1853,t0016,bus118,34.80169984833388
1852,t0016,bus098,35.85629504863704
1851,t0016,bus047,35.85629504863704
1850,t0016,bus035,36.94253307462008
1849,t0016,bus041,39.02008647337947
1848,t0016,bus079,41.12928075654111
1874,t0016,bus068,0.0
1861,t0016,bus043,18.98274660717698
1875,t0016,bus081,0.0
1889,t0016,bus096,143.5211030894944
1877,t0016,bus100,139.7442323990213
1846,t0016,bus045,55.89363879739484
1903,t0016,bus108,7.553741380946375
1902,t0016,bus102,18.88435345236594
1901,t0016,bus109,30.2149655237855
1900,t0016,bus084,41.54557759520507
1899,t0016,bus093,45.32244828567826
1898,t0016,bus103,86.86804273239659
1897,t0016,bus107,104.3457161139666
1896,t0016,bus085,90.6449134228698
1895,t0016,bus083,75.53743066097704
1894,t0016,bus086,79.31430135145023
1893,t0016,bus101,83.09117204192341
1876,t0016,bus087,0.0
1892,t0016,bus094,113.3061375657089
1890,t0016,bus091,0.0
1888,t0016,bus095,158.6286027029005
1887,t0016,bus106,162.4054733933737
1886,t0016,bus088,181.2898268457396
1885,t0016,bus082,203.9510509885787
1884,t0016,bus104,143.5211030894944
1883,t0016,bus105,117.0830082561821
1882,t0016,bus112,94.42178411334298
1881,t0016,bus111,0.0
1880,t0016,bus090,294.5959644114485
1879,t0016,bus089,0.0
1878,t0016,bus092,245.4966285837838
1891,t0016,bus110,147.2979737799676
1845,t0016,bus077,64.33041398876368
1859,t0016,bus048,21.0919408903386
1844,t0016,bus055,66.43960827192531
1812,t0016,bus072,0.0
1811,t0016,bus024,0.0
1810,t0016,bus008,0.0
1809,t0016,bus117,116.8474014824782
1808,t0016,bus002,116.8474014824782
1807,t0016,bus115,128.5156281238514
1806,t0016,bus031,251.2521921614866
1805,t0016,bus029,140.2388976823626
1804,t0016,bus016,146.0730173203816
1803,t0016,bus019,262.9204188028598
1802,t0016,bus006,303.8142612821363
1801,t0016,bus013,198.6350864410313
1800,t0016,bus003,227.8607022789346
1799,t0016,bus027,362.265492957943
1798,t0016,bus075,258.6824426845228
1797,t0016,bus070,363.2561770237725
1796,t0016,bus001,297.9801605961146
1795,t0016,bus074,374.2639581501467
1794,t0016,bus018,350.5422233994319
1793,t0016,bus032,344.7081037614129
1792,t0016,bus113,0.0
1791,t0016,bus011,408.9934361232413
1790,t0016,bus015,525.8408565577168
1789,t0016,bus012,274.5886643962302
1788,t0016,bus025,0.0
1787,t0016,bus010,0.0
1786,t0016,bus026,0.0
1813,t0016,bus073,0.0
1814,t0016,bus004,175.2986331582849
1816,t0016,bus020,105.179174841105
1842,t0016,bus062,81.20396631277904
1841,t0016,bus036,34.70678496023779
1840,t0016,bus056,88.58614436256708
1839,t0016,bus046,29.52871414042981
1838,t0016,bus078,74.8763854045718
1837,t0016,bus060,82.25856345435984
1836,t0016,bus061,0.0
1815,t0016,bus007,111.0133007964564
1834,t0016,bus049,91.74993578730952
1833,t0016,bus059,292.1233577446663
1832,t0016,bus080,137.0976070514515
1831,t0016,bus099,0.0
1830,t0016,bus069,0.0
1835,t0016,bus054,119.1694556445777
1843,t0016,bus076,71.71259592110702
1829,t0016,bus066,41.12928075654111
1818,t0016,bus014,81.78768495855307
1819,t0016,bus021,81.78768495855307
1820,t0016,bus017,62.72128720803401
1821,t0016,bus022,58.45123167580668
1822,t0016,bus114,46.72796211729553
1817,t0016,bus028,99.34505520308603
1824,t0016,bus005,0.0
1825,t0016,bus009,0.0
1826,t0016,bus030,0.0
1827,t0016,bus071,0.0
1828,t0016,bus065,0.0
1823,t0016,bus023,40.89384247927654
1980,t0017,bus043,18.43668346987673
1981,t0017,bus052,18.43668346987673
1982,t0017,bus040,20.26685191873987
1983,t0017,bus050,17.41242317235945
1984,t0017,bus051,17.41242317235945
1987,t0017,bus057,12.29111979933876
1986,t0017,bus097,15.36390446275919
1988,t0017,bus058,12.29111979933876
1989,t0017,bus037,0.0
1990,t0017,bus038,0.0
1985,t0017,bus044,16.38816287484217
1979,t0017,bus042,37.89762346640214
1965,t0017,bus045,54.28578634124432
1977,t0017,bus053,23.55798307202883
1976,t0017,bus033,25.01243348638577
1975,t0017,bus039,27.65502426209795
1974,t0017,bus067,28.67928267418093
1973,t0017,bus116,0.0
1972,t0017,bus118,33.80058416176733
1971,t0017,bus098,34.8248425738503
1970,t0017,bus047,34.8248425738503
1969,t0017,bus035,35.87983356500758
1968,t0017,bus041,37.89762346640214
1967,t0017,bus079,39.94614406143671
1966,t0017,bus034,64.14941136600788
1991,t0017,bus063,0.0
1978,t0017,bus048,20.48520406491129
1992,t0017,bus064,0.0
2007,t0017,bus095,186.8978642599338
1994,t0017,bus081,0.0
1964,t0017,bus077,62.47986683594824
2021,t0017,bus102,22.24974101793791
2020,t0017,bus109,35.59958562870065
2019,t0017,bus084,48.9494302394634
2018,t0017,bus093,53.39937844305099
2017,t0017,bus103,102.348828537142
2016,t0017,bus107,122.941204512149
2015,t0017,bus085,106.7987767407296
2014,t0017,bus083,88.9989839263793
2013,t0017,bus086,93.44893212996688
2012,t0017,bus101,97.89888033355446
2011,t0017,bus094,133.4984659622551
2010,t0017,bus110,173.5479997945434
2009,t0017,bus091,0.0
2008,t0017,bus096,169.0980515909558
2006,t0017,bus106,191.3478124635214
2005,t0017,bus088,213.5975534814593
2004,t0017,bus082,240.2972427029848
2003,t0017,bus104,169.0980515909558
2002,t0017,bus105,137.9484141658427
2001,t0017,bus112,111.2487249443172
2000,t0017,bus111,0.0
1999,t0017,bus090,347.0960194437143
1998,t0017,bus089,0.0
1997,t0017,bus092,289.2466729424481
1996,t0017,bus100,164.6481033873682
1995,t0017,bus087,0.0
1993,t0017,bus068,0.0
1963,t0017,bus055,64.52838743098282
2022,t0017,bus108,8.899896407175163
1961,t0017,bus062,78.86802971079044
1929,t0017,bus008,0.0
1928,t0017,bus117,115.1483164450649
1927,t0017,bus002,115.1483164450649
1926,t0017,bus115,126.6468747065856
1925,t0017,bus031,247.5987190426779
1924,t0017,bus029,138.1996755029017
1923,t0017,bus016,143.9489608591337
1922,t0017,bus019,259.0972773041987
1921,t0017,bus006,299.3964799797881
1920,t0017,bus013,195.746721796244
1919,t0017,bus003,224.5473662103128
1918,t0017,bus027,356.9977688079259
1930,t0017,bus024,0.0
1917,t0017,bus075,254.9209258494847
1915,t0017,bus001,293.6472132999712
1914,t0017,bus074,368.8217636018036
1913,t0017,bus018,345.4449680116098
1912,t0017,bus032,339.6956826553777
1911,t0017,bus113,0.0
1910,t0017,bus011,403.0462381633323
1909,t0017,bus015,518.1945732848123
1908,t0017,bus012,270.5958542421344
1907,t0017,bus025,0.0
1906,t0017,bus010,0.0
1905,t0017,bus026,0.0
1916,t0017,bus070,357.9740472776385
1931,t0017,bus072,0.0
1962,t0017,bus076,69.64969080400351
1933,t0017,bus004,172.7496052732025
1960,t0017,bus036,33.70839962258454
1959,t0017,bus056,86.03784990797709
1958,t0017,bus046,28.67928267418093
1957,t0017,bus078,72.72246981112104
1956,t0017,bus060,79.8922900083077
1955,t0017,bus061,0.0
1954,t0017,bus054,115.7413928796753
1932,t0017,bus073,0.0
1952,t0017,bus059,283.7200533909947
1951,t0017,bus080,133.1538179374691
1950,t0017,bus099,0.0
1949,t0017,bus069,0.0
1948,t0017,bus066,39.94614406143671
1953,t0017,bus049,89.11063080052892
1946,t0017,bus071,0.0
1947,t0017,bus065,0.0
1935,t0017,bus020,103.6497581835442
1936,t0017,bus028,97.90047282731214
1937,t0017,bus014,80.59840535117908
1938,t0017,bus021,80.59840535117908
1939,t0017,bus017,61.80925322807036
1934,t0017,bus007,109.3990497652479
1941,t0017,bus114,46.04848803182158
1942,t0017,bus023,40.29920267558954
1943,t0017,bus005,0.0
1944,t0017,bus009,0.0
1945,t0017,bus030,0.0
1940,t0017,bus022,57.60128882813766
2099,t0018,bus043,19.58690156759418
2100,t0018,bus052,19.58690156759418
2101,t0018,bus040,21.53124960169527
2102,t0018,bus050,18.49874025811329
2103,t0018,bus051,18.49874025811329
2106,t0018,bus057,13.05793170764708
2105,t0018,bus097,16.3224196422133
2107,t0018,bus058,13.05793170764708
2108,t0018,bus037,0.0
2109,t0018,bus038,0.0
2104,t0018,bus044,17.41057894863241
2098,t0018,bus042,40.26196043854568
2084,t0018,bus045,57.6725393871781
2096,t0018,bus053,25.02770611193683
2095,t0018,bus033,26.57289601268564
2094,t0018,bus039,29.38035134986038
2093,t0018,bus067,30.46851065627948
2092,t0018,bus116,0.0
2091,t0018,bus118,35.90931720368392
2090,t0018,bus098,36.99747651010303
2089,t0018,bus047,36.99747651010303
2088,t0018,bus035,38.11828572355287
2087,t0018,bus041,40.26196043854568
2086,t0018,bus079,42.43828305750746
2085,t0018,bus034,68.15153105481528
2110,t0018,bus063,0.0
2097,t0018,bus048,21.76322418655595
2111,t0018,bus064,0.0
2126,t0018,bus095,194.7465781566035
2113,t0018,bus081,0.0
2083,t0018,bus077,66.37782785996339
2140,t0018,bus102,23.18411152140133
2139,t0018,bus109,37.09457843424213
2138,t0018,bus084,51.00504534708293
2137,t0018,bus093,55.64186765136321
2136,t0018,bus103,106.6469336868623
2135,t0018,bus107,128.1040796693836
2134,t0018,bus085,111.2837559911426
2133,t0018,bus083,92.7364667740215
2132,t0018,bus086,97.37328907830175
2131,t0018,bus101,102.010111382582
2130,t0018,bus094,139.1046898168242
2129,t0018,bus110,180.8360905553466
2128,t0018,bus091,0.0
2127,t0018,bus096,176.1992682510663
2125,t0018,bus106,199.3834004608838
2124,t0018,bus088,222.5675119822852
2123,t0018,bus082,250.3884458079667
2122,t0018,bus104,176.1992682510663
2121,t0018,bus105,143.7415121211044
2120,t0018,bus112,115.9205782954228
2119,t0018,bus111,0.0
2118,t0018,bus090,361.6722017991092
2117,t0018,bus089,0.0
2116,t0018,bus092,301.3934911550497
2115,t0018,bus100,171.5624459467861
2114,t0018,bus087,0.0
2112,t0018,bus068,0.0
2141,t0018,bus108,9.273644608560533
2082,t0018,bus055,68.55415047892518
2080,t0018,bus062,83.78840680859581
2048,t0018,bus008,0.0
2047,t0018,bus117,119.6458944852765
2046,t0018,bus002,119.6458944852765
2045,t0018,bus115,131.5935749287597
2044,t0018,bus031,257.2696772983477
2043,t0018,bus029,143.5976165661803
2042,t0018,bus016,149.5714632565543
2041,t0018,bus019,269.2173577418308
2040,t0018,bus006,311.0906069565917
2039,t0018,bus013,203.3923929147984
2038,t0018,bus003,233.3179616860762
2036,t0018,bus075,264.8778821775265
2049,t0018,bus024,0.0
2035,t0018,bus070,371.9561554291692
2033,t0018,bus074,383.2275727003585
2032,t0018,bus018,358.9377028617267
2031,t0018,bus032,352.9638561713527
2030,t0018,bus113,0.0
2029,t0018,bus011,418.7888209983851
2028,t0018,bus015,538.4347348895587
2027,t0018,bus012,281.1650575912111
2026,t0018,bus025,0.0
2025,t0018,bus010,0.0
2024,t0018,bus026,0.0
2081,t0018,bus076,73.9949590293914
2034,t0018,bus001,305.116779672115
2050,t0018,bus072,0.0
2037,t0018,bus027,370.9417444991474
2052,t0018,bus004,179.4970320278321
2051,t0018,bus073,0.0
2078,t0018,bus056,91.40553397190024
2077,t0018,bus046,30.46851065627948
2076,t0018,bus078,77.25944095477227
2075,t0018,bus060,84.87656811807669
2074,t0018,bus061,0.0
2073,t0018,bus054,122.9622059376606
2072,t0018,bus049,94.6700179003429
2071,t0018,bus059,301.4206306465993
2070,t0018,bus080,141.4609481988357
2069,t0018,bus099,0.0
2068,t0018,bus069,0.0
2067,t0018,bus066,42.43828305750746
2066,t0018,bus065,0.0
2079,t0018,bus036,35.8113815040242
2053,t0018,bus007,113.6720672007997
2065,t0018,bus071,0.0
2054,t0018,bus020,107.6982140417934
2055,t0018,bus028,101.7243673514194
2056,t0018,bus014,83.74649842952189
2058,t0018,bus017,64.2234608220917
2057,t0018,bus021,83.74649842952189
2060,t0018,bus114,47.84709590513491
2061,t0018,bus023,41.87324921476095
2062,t0018,bus005,0.0
2063,t0018,bus009,0.0
2064,t0018,bus030,0.0
2059,t0018,bus022,59.85113754255559
2222,t0019,bus051,22.30633650817961
2219,t0019,bus052,23.61847409191677
2220,t0019,bus040,25.96302733892257
2221,t0019,bus050,22.30633650817961
2223,t0019,bus044,20.99419892444246
2229,t0019,bus063,0.0
2225,t0019,bus057,15.74564617414179
2226,t0019,bus058,15.74564617414179
2227,t0019,bus037,0.0
2228,t0019,bus038,0.0
2218,t0019,bus043,23.61847409191677
2224,t0019,bus097,19.68206375605735
2217,t0019,bus042,48.5490809368666
2210,t0019,bus118,43.30053301727003
2215,t0019,bus053,30.17915959525051
2214,t0019,bus033,32.04239597860513
2213,t0019,bus039,35.42770993019914
2212,t0019,bus067,36.73984509858424
2211,t0019,bus116,0.0
2209,t0019,bus098,44.61266818565514
2208,t0019,bus047,44.61266818565514
2207,t0019,bus035,45.96417359239304
2206,t0019,bus041,48.5490809368666
2205,t0019,bus079,51.17335610434093
2204,t0019,bus034,82.1791626913416
2203,t0019,bus045,69.54327986130907
2216,t0019,bus048,26.24274925939108
2230,t0019,bus064,0.0
2260,t0019,bus108,9.402637350631604
2232,t0019,bus081,0.0
2259,t0019,bus102,23.50659337657901
2258,t0019,bus109,37.61054940252642
2257,t0019,bus084,51.71450542847382
2256,t0019,bus093,56.41582410378963
2255,t0019,bus103,108.1303505084473
2254,t0019,bus107,129.88595693604
2253,t0019,bus085,112.8316691837632
2252,t0019,bus083,94.02639448249992
2251,t0019,bus086,98.72771315781571
2250,t0019,bus101,103.4290318331315
2249,t0019,bus094,141.0395812356579
2248,t0019,bus110,183.3514493135002
2247,t0019,bus091,0.0
2246,t0019,bus096,178.6501306381844
2245,t0019,bus095,197.4554263156314
2244,t0019,bus106,202.1567449909473
2243,t0019,bus088,225.6633383675263
2242,t0019,bus082,253.8712504194211
2241,t0019,bus104,178.6501306381844
2240,t0019,bus105,145.7408999109737
2239,t0019,bus112,117.5329878590789
2238,t0019,bus111,0.0
2237,t0019,bus090,366.7029196031842
2236,t0019,bus089,0.0
2235,t0019,bus092,305.5857558478949
2234,t0019,bus100,173.9488119628686
2233,t0019,bus087,0.0
2231,t0019,bus068,0.0
2202,t0019,bus077,80.04037811585425
2201,t0019,bus055,82.66465328332859
2199,t0019,bus062,101.0345770402967
2167,t0019,bus008,0.0
2166,t0019,bus117,133.4184779061914
2165,t0019,bus002,133.4184779061914
2164,t0019,bus115,146.7414702757729
2163,t0019,bus031,286.8843005790436
2162,t0019,bus029,160.1273116443984
2161,t0019,bus016,166.7888150424336
2160,t0019,bus019,300.2072929486251
2159,t0019,bus006,346.9006224544488
2158,t0019,bus013,226.8051369178388
2157,t0019,bus003,260.1754740540811
2156,t0019,bus027,413.6412967269332
2168,t0019,bus024,0.0
2155,t0019,bus075,295.368295110953
2153,t0019,bus001,340.239140696147
2152,t0019,bus074,427.3413614510451
2151,t0019,bus018,400.2554553583077
2150,t0019,bus032,393.5939519602725
2149,t0019,bus113,0.0
2148,t0019,bus011,466.9961079910587
2147,t0019,bus015,600.4146075369836
2146,t0019,bus012,313.53030695794
2145,t0019,bus025,0.0
2144,t0019,bus010,0.0
2143,t0019,bus026,0.0
2154,t0019,bus070,414.7724777243018
2169,t0019,bus072,0.0
2200,t0019,bus076,89.2253436173664
2171,t0019,bus004,200.1591521786758
2198,t0019,bus036,43.18243920967598
2197,t0019,bus056,110.2195377111048
2196,t0019,bus046,36.73984509858424
2195,t0019,bus078,93.16175395322584
2194,t0019,bus060,102.3467146240339
2193,t0019,bus061,0.0
2192,t0019,bus054,148.2715203934262
2191,t0019,bus049,114.1559504623163
2190,t0019,bus059,363.4620478960392
2189,t0019,bus080,170.5778593169579
2188,t0019,bus099,0.0
2187,t0019,bus069,0.0
2186,t0019,bus066,51.17335610434093
2170,t0019,bus073,0.0
2184,t0019,bus071,0.0
2172,t0019,bus007,126.7569961478896
2173,t0019,bus020,120.0954855366099
2174,t0019,bus028,113.4339821385747
2185,t0019,bus065,0.0
2176,t0019,bus021,93.38665901164742
2177,t0019,bus017,71.61630096556162
2175,t0019,bus014,93.38665901164742
2179,t0019,bus114,53.35483290385893
2180,t0019,bus023,46.69332950582371
2181,t0019,bus005,0.0
2182,t0019,bus009,0.0
2183,t0019,bus030,0.0
2178,t0019,bus022,66.74067427248441
2337,t0020,bus043,24.58279835565972
2338,t0020,bus052,24.58279835565972
2339,t0020,bus040,27.02307792160239
2340,t0020,bus050,23.2170871962359
2341,t0020,bus051,23.2170871962359
2347,t0020,bus038,0.0
2343,t0020,bus097,20.48566739135729
2344,t0020,bus057,16.38852888514778
2345,t0020,bus058,16.38852888514778
2346,t0020,bus037,0.0
2336,t0020,bus042,50.5313028428052
2342,t0020,bus044,21.85137603681208
2335,t0020,bus048,27.31422067450736
2328,t0020,bus098,46.43416936453375
2333,t0020,bus033,33.3506625410586
2332,t0020,bus039,36.87419627650507
2331,t0020,bus067,38.23990492195986
2330,t0020,bus116,0.0
2329,t0020,bus118,45.06846071907896
2327,t0020,bus047,46.43416936453375
2326,t0020,bus035,47.8408557051129
2325,t0020,bus041,50.5313028428052
2324,t0020,bus079,53.26272516165286
2323,t0020,bus034,85.53447515771563
2322,t0020,bus045,72.3826788796173
2348,t0020,bus063,0.0
2334,t0020,bus053,31.41135163880979
2349,t0020,bus064,0.0
2364,t0020,bus095,194.3992899310873
2351,t0020,bus081,0.0
2378,t0020,bus102,23.14276769381448
2377,t0020,bus109,37.02842831010316
2376,t0020,bus084,50.91408892639185
2375,t0020,bus093,55.54264246515475
2374,t0020,bus103,106.4567520430695
2373,t0020,bus107,127.8756338659663
2372,t0020,bus085,111.0853055818324
2371,t0020,bus083,92.57109142678078
2370,t0020,bus086,97.19964496554367
2369,t0020,bus101,101.8281985043066
2368,t0020,bus094,138.8566268144097
2367,t0020,bus110,180.5136086632758
2366,t0020,bus091,0.0
2365,t0020,bus096,175.8850551245129
2321,t0020,bus077,83.30836564103882
2363,t0020,bus106,199.0278434698502
2362,t0020,bus088,222.1706111636647
2361,t0020,bus082,249.9419323962421
2360,t0020,bus104,175.8850551245129
2359,t0020,bus105,143.4851803531726
2358,t0020,bus112,115.7138591205952
2357,t0020,bus111,0.0
2356,t0020,bus090,361.0272379780744
2355,t0020,bus089,0.0
2354,t0020,bus092,300.8560213226339
2353,t0020,bus100,171.25650158575
2352,t0020,bus087,0.0
2350,t0020,bus068,0.0
2320,t0020,bus055,86.03978795988647
2379,t0020,bus108,9.25710707752579
2318,t0020,bus062,105.1597416778509
2286,t0020,bus008,0.0
2285,t0020,bus117,136.1769924375212
2284,t0020,bus002,136.1769924375212
2283,t0020,bus115,149.7754464120397
2282,t0020,bus031,292.8158216425209
2281,t0020,bus029,163.4380488298759
2280,t0020,bus016,170.2372831795182
2279,t0020,bus019,306.4142756170394
2278,t0020,bus006,354.0730203335548
2277,t0020,bus013,231.4944818705521
2276,t0020,bus003,265.5547726125492
2275,t0020,bus027,422.1936018175489
2287,t0020,bus024,0.0
2274,t0020,bus075,301.4752283254853
2272,t0020,bus001,347.2738080710618
2271,t0020,bus074,436.1769243648253
2270,t0020,bus018,408.5309993997126
2269,t0020,bus032,401.7317650500704
2268,t0020,bus113,0.0
2267,t0020,bus011,476.6515587965575
2266,t0020,bus015,612.8285733212279
2265,t0020,bus012,320.0127516787069
2264,t0020,bus025,0.0
2263,t0020,bus010,0.0
2262,t0020,bus026,0.0
2273,t0020,bus070,423.3481707239072
2288,t0020,bus072,0.0
2319,t0020,bus076,92.86834627097458
2290,t0020,bus004,204.2975739215152
2317,t0020,bus036,44.9455452314891
2316,t0020,bus056,114.7197172798486
2315,t0020,bus046,38.23990492195986
2314,t0020,bus078,96.96547723527702
2313,t0020,bus060,106.5254528372747
2312,t0020,bus061,0.0
2311,t0020,bus054,154.3253333612323
2289,t0020,bus073,0.0
2309,t0020,bus059,378.3019257972033
2308,t0020,bus080,177.5424230714373
2307,t0020,bus099,0.0
2306,t0020,bus069,0.0
2305,t0020,bus066,53.26272516165286
2310,t0020,bus049,118.8168507581201
2303,t0020,bus071,0.0
2304,t0020,bus065,0.0
2292,t0020,bus020,122.5785384630027
2293,t0020,bus028,115.7793041133604
2294,t0020,bus014,95.31748943303097
2295,t0020,bus021,95.31748943303097
2296,t0020,bus017,73.09701495656135
2291,t0020,bus007,129.377780175028
2298,t0020,bus114,54.45797906615775
2299,t0020,bus023,47.65874471651549
2300,t0020,bus005,0.0
2301,t0020,bus009,0.0
2302,t0020,bus030,0.0
2297,t0020,bus022,68.12058148399404
2456,t0021,bus043,24.28072087545103
2457,t0021,bus052,24.28072087545103
2458,t0021,bus040,26.69101388365443
2459,t0021,bus050,22.93179179997725
2460,t0021,bus051,22.93179179997725
2463,t0021,bus057,16.1871439395314
2462,t0021,bus097,20.23393613210666
2464,t0021,bus058,16.1871439395314
2465,t0021,bus037,0.0
2466,t0021,bus038,0.0
2461,t0021,bus044,21.58286272450347
2455,t0021,bus042,49.9103658602219
2441,t0021,bus045,71.49322858472539
2453,t0021,bus053,31.02536376974295
2452,t0021,bus033,32.94084409980804
2451,t0021,bus039,36.42108007163807
2450,t0021,bus067,37.77000666403487
2449,t0021,bus116,0.0
2448,t0021,bus118,44.51465204140376
2447,t0021,bus098,45.86357863380058
2446,t0021,bus047,45.86357863380058
2445,t0021,bus035,47.25297938064632
2444,t0021,bus041,49.9103658602219
2443,t0021,bus079,52.60822401116947
2442,t0021,bus034,84.4834134212609
2467,t0021,bus063,0.0
2454,t0021,bus048,26.97857902639858
2468,t0021,bus064,0.0
2483,t0021,bus095,184.6057619715254
2470,t0021,bus081,0.0
2440,t0021,bus077,82.28465870543863
2497,t0021,bus102,21.97687175586448
2496,t0021,bus109,35.16299480938316
2495,t0021,bus084,48.34911786290185
2494,t0021,bus093,52.74449221407475
2493,t0021,bus103,101.0936296881085
2492,t0021,bus107,121.4334622095934
2491,t0021,bus085,105.4890040392814
2490,t0021,bus083,87.9075066345898
2489,t0021,bus086,92.30288098576268
2488,t0021,bus101,96.69825533693559
2487,t0021,bus094,131.8612501463188
2486,t0021,bus110,171.4196193068748
2485,t0021,bus091,0.0
2484,t0021,bus096,167.0242449557019
2482,t0021,bus106,189.0011363226983
2481,t0021,bus088,210.9780080785628
2480,t0021,bus082,237.3502541856001
2479,t0021,bus104,167.0242449557019
2478,t0021,bus105,136.2566244974916
2477,t0021,bus112,109.8843783904543
2476,t0021,bus111,0.0
2475,t0021,bus090,342.8392582248815
2474,t0021,bus089,0.0
2473,t0021,bus092,285.699372048502
2472,t0021,bus100,162.628870604529
2471,t0021,bus087,0.0
2469,t0021,bus068,0.0
2498,t0021,bus108,8.79074870234579
2439,t0021,bus055,84.9825168563862
2437,t0021,bus062,103.8675214299421
2405,t0021,bus008,0.0
2404,t0021,bus117,134.7377674646534
2403,t0021,bus002,134.7377674646534
2402,t0021,bus115,148.1925023409439
2401,t0021,bus031,289.7211150007066
2400,t0021,bus029,161.7107076896267
2399,t0021,bus016,168.4380824123436
2398,t0021,bus019,303.1758498769971
2397,t0021,bus006,350.3308997009776
2396,t0021,bus013,229.0478671126147
2395,t0021,bus003,262.7481820603048
2393,t0021,bus075,298.2890023005118
2406,t0021,bus024,0.0
2392,t0021,bus070,418.8738961154173
2390,t0021,bus074,431.5670654532876
2389,t0021,bus018,404.2133242476751
2388,t0021,bus032,397.4859495249583
2387,t0021,bus113,0.0
2386,t0021,bus011,471.6139322893406
2385,t0021,bus015,606.3517216077089
2384,t0021,bus012,316.6306066070023
2383,t0021,bus025,0.0
2382,t0021,bus010,0.0
2381,t0021,bus026,0.0
2438,t0021,bus076,91.72716471683204
2391,t0021,bus001,343.6035468319757
2407,t0021,bus072,0.0
2394,t0021,bus027,417.731529596358
2409,t0021,bus004,202.1383973600337
2408,t0021,bus073,0.0
2435,t0021,bus056,113.3100224751816
2434,t0021,bus046,37.77000666403487
2433,t0021,bus078,95.77394946017641
2432,t0021,bus060,105.2164505054159
2431,t0021,bus061,0.0
2430,t0021,bus054,152.4289582146902
2429,t0021,bus049,117.3568097016029
2428,t0021,bus059,373.6532893462353
2427,t0021,bus080,175.3607524977445
2426,t0021,bus099,0.0
2425,t0021,bus069,0.0
2424,t0021,bus066,52.60822401116947
2423,t0021,bus065,0.0
2436,t0021,bus036,44.39324695959572
2414,t0021,bus021,94.31009964796127
2421,t0021,bus030,0.0
2420,t0021,bus009,0.0
2419,t0021,bus005,0.0
2418,t0021,bus023,47.15504982398063
2417,t0021,bus114,53.88242454669748
2416,t0021,bus022,67.4006298953803
2415,t0021,bus017,72.32446852647452
2422,t0021,bus071,0.0
2413,t0021,bus014,94.31009964796127
2412,t0021,bus028,114.5556578656461
2411,t0021,bus020,121.283032588363
2410,t0021,bus007,128.0104145956514
2577,t0022,bus040,26.18014613296539
2560,t0022,bus045,70.12484351566127
2575,t0022,bus043,23.8159862905147
2576,t0022,bus052,23.8159862905147
2578,t0022,bus050,22.49287580573328
2585,t0022,bus038,0.0
2580,t0022,bus044,21.16976532095187
2581,t0022,bus097,19.84665727172117
2582,t0022,bus057,15.87732094627552
2583,t0022,bus058,15.87732094627552
2584,t0022,bus037,0.0
2579,t0022,bus051,22.49287580573328
2574,t0022,bus042,48.95507819470939
2568,t0022,bus116,0.0
2572,t0022,bus053,30.43153627887105
2571,t0022,bus033,32.31035419019194
2570,t0022,bus039,35.7239782179967
2569,t0022,bus067,37.04708626722739
2567,t0022,bus118,43.66263869113445
2566,t0022,bus098,44.98574674036516
2565,t0022,bus047,44.98574674036516
2564,t0022,bus035,46.34855426608259
2563,t0022,bus041,48.95507819470939
2562,t0022,bus079,51.60129916427222
2561,t0022,bus034,82.86639536517714
2586,t0022,bus063,0.0
2573,t0022,bus048,26.46220726007751
2587,t0022,bus064,0.0
2602,t0022,bus095,170.6447753057674
2589,t0022,bus081,0.0
2617,t0022,bus108,8.125939954748794
2616,t0022,bus102,20.31484988687199
2615,t0022,bus109,32.50375981899518
2614,t0022,bus084,44.69266975111837
2613,t0022,bus093,48.75563972849277
2612,t0022,bus103,93.44832760763248
2611,t0022,bus107,112.2499409122113
2610,t0022,bus085,97.5112975850069
2609,t0022,bus083,81.2594176755093
2608,t0022,bus086,85.32238765288369
2607,t0022,bus101,89.3853576302581
2606,t0022,bus094,121.8891174492533
2605,t0022,bus110,158.4558472456229
2604,t0022,bus091,0.0
2603,t0022,bus096,154.3928772682484
2601,t0022,bus106,174.7077452831418
2600,t0022,bus088,195.0225951700138
2599,t0022,bus082,219.4004150342602
2598,t0022,bus104,154.3928772682484
2597,t0022,bus105,125.9520874266277
2596,t0022,bus112,101.5742675623813
2595,t0022,bus111,0.0
2594,t0022,bus090,316.911712619267
2593,t0022,bus089,0.0
2592,t0022,bus092,264.0930847853786
2591,t0022,bus100,150.3299072908741
2590,t0022,bus087,0.0
2588,t0022,bus068,0.0
2559,t0022,bus077,80.70972495836183
2558,t0022,bus055,83.35594592792467
2556,t0022,bus062,101.8794902793137
2524,t0022,bus008,0.0
2523,t0022,bus117,132.299080705072
2522,t0022,bus002,132.299080705072
2521,t0022,bus115,145.5102915538095
2520,t0022,bus031,284.477306524299
2519,t0022,bus029,158.7838240908712
2518,t0022,bus016,165.3894366679644
2517,t0022,bus019,297.6885173730365
2516,t0022,bus006,343.9900841846663
2515,t0022,bus013,224.9022143283318
2514,t0022,bus003,257.9925702912242
2513,t0022,bus027,410.1707961104511
2525,t0022,bus024,0.0
2512,t0022,bus075,292.8901193137513
2510,t0022,bus001,337.3844930657466
2509,t0022,bus074,423.75591563096
2508,t0022,bus018,396.8972635733895
2507,t0022,bus032,390.2916509962963
2506,t0022,bus113,0.0
2505,t0022,bus011,463.0779540410008
2504,t0022,bus015,595.3770562042463
2503,t0022,bus012,310.8997496799474
2502,t0022,bus025,0.0
2501,t0022,bus010,0.0
2500,t0022,bus026,0.0
2511,t0022,bus070,411.2924863621428
2526,t0022,bus072,0.0
2557,t0022,bus076,89.97150078738242
2528,t0022,bus004,198.4797926308568
2555,t0022,bus036,43.54355731052922
2554,t0022,bus056,111.1412612372329
2553,t0022,bus046,37.04708626722739
2552,t0022,bus078,93.94082980617596
2551,t0022,bus060,103.2026007640951
2550,t0022,bus061,0.0
2549,t0022,bus054,149.5114579892417
2527,t0022,bus073,0.0
2547,t0022,bus059,366.5015409601326
2546,t0022,bus080,172.0043362305257
2545,t0022,bus099,0.0
2544,t0022,bus069,0.0
2543,t0022,bus066,51.60129916427222
2548,t0022,bus049,115.1105926915771
2541,t0022,bus071,0.0
2542,t0022,bus065,0.0
2530,t0022,bus020,119.0878698563345
2531,t0022,bus028,112.4822572792413
2532,t0022,bus014,92.60313362325981
2533,t0022,bus021,92.60313362325981
2534,t0022,bus017,71.01543151993849
2529,t0022,bus007,125.6934895861522
2536,t0022,bus114,52.90717938872314
2537,t0022,bus023,46.3015668116299
2538,t0022,bus005,0.0
2539,t0022,bus009,0.0
2540,t0022,bus030,0.0
2535,t0022,bus022,66.18071192578479
2694,t0023,bus043,22.92137221451232
2695,t0023,bus052,22.92137221451232
2696,t0023,bus040,25.19672571288907
2697,t0023,bus050,21.64796251681371
2698,t0023,bus051,21.64796251681371
2701,t0023,bus057,15.280911684258
2700,t0023,bus097,19.10114546547916
2702,t0023,bus058,15.280911684258
2703,t0023,bus037,0.0
2704,t0023,bus038,0.0
2699,t0023,bus044,20.3745528191151
2693,t0023,bus042,47.11614943859792
2679,t0023,bus045,67.49070225771302
2691,t0023,bus053,29.28841835894271
2690,t0023,bus033,31.09666111418105
2689,t0023,bus039,34.38205714973716
2688,t0023,bus067,35.6554645033731
2687,t0023,bus116,0.0
2686,t0023,bus118,42.02251299186615
2685,t0023,bus098,43.2959203455021
2684,t0023,bus047,43.2959203455021
2683,t0023,bus035,44.60753592054754
2682,t0023,bus041,47.11614943859792
2681,t0023,bus079,49.66296883399515
2680,t0023,bus034,79.75363560721613
2705,t0023,bus063,0.0
2692,t0023,bus048,25.46819160990954
2706,t0023,bus064,0.0
2721,t0023,bus095,154.0443981260843
2708,t0023,bus081,0.0
2678,t0023,bus077,77.67797749523923
2735,t0023,bus102,18.33861492821914
2734,t0023,bus109,29.34178388515062
2733,t0023,bus084,40.3449528420821
2732,t0023,bus093,44.01267582772594
2731,t0023,bus103,84.35764503432979
2730,t0023,bus107,101.330231508856
2729,t0023,bus085,88.02536801997364
2728,t0023,bus083,73.35447607739832
2727,t0023,bus086,77.02219906304214
2726,t0023,bus101,80.68992204868597
2725,t0023,bus094,110.0317059338366
2724,t0023,bus110,143.041212804631
2723,t0023,bus091,0.0
2722,t0023,bus096,139.3734898189872
2720,t0023,bus106,157.7121211117281
2719,t0023,bus088,176.0507360399473
2718,t0023,bus082,198.0570739538102
2717,t0023,bus104,139.3734898189872
2716,t0023,bus105,113.6994289194804
2715,t0023,bus112,91.69309100561745
2714,t0023,bus111,0.0
2713,t0023,bus090,286.0824419737838
2712,t0023,bus089,0.0
2711,t0023,bus092,238.4020267958923
2710,t0023,bus100,135.7057668333434
2709,t0023,bus087,0.0
2707,t0023,bus068,0.0
2677,t0023,bus055,80.22479689063647
2736,t0023,bus108,7.335445971287655
2675,t0023,bus062,98.05253031435436
2643,t0023,bus008,0.0
2642,t0023,bus117,126.1224068631813
2641,t0023,bus002,126.1224068631813
2640,t0023,bus115,138.7168232486904
2639,t0023,bus031,271.1958571865123
2638,t0023,bus029,151.3706516973017
2637,t0023,bus016,157.6678667088401
2636,t0023,bus019,283.7902735720214
2635,t0023,bus006,327.9301498031892
2634,t0023,bus013,214.4021593255169
2633,t0023,bus003,245.9476191711757
2632,t0023,bus027,391.0210694945067
2644,t0023,bus024,0.0
2631,t0023,bus075,279.215899289907
2629,t0023,bus001,321.6329552480022
2628,t0023,bus074,403.9719378022778
2627,t0023,bus018,378.3672410458954
2626,t0023,bus032,372.0700260343571
2625,t0023,bus113,0.0
2624,t0023,bus011,441.4581402808614
2623,t0023,bus015,567.5805676003941
2622,t0023,bus012,296.3847104138818
2621,t0023,bus025,0.0
2620,t0023,bus010,0.0
2619,t0023,bus026,0.0
2630,t0023,bus070,392.0903911673738
2645,t0023,bus072,0.0
2676,t0023,bus076,86.59184772319217
2647,t0023,bus004,189.2133265544988
2674,t0023,bus036,41.90790473607631
2673,t0023,bus056,106.966395854182
2672,t0023,bus046,35.6554645033731
2671,t0023,bus078,90.41207447222534
2670,t0023,bus060,99.32594001205295
2669,t0023,bus061,0.0
2668,t0023,bus054,143.8952700552537
2646,t0023,bus073,0.0
2666,t0023,bus059,352.7344253168858
2665,t0023,bus080,165.54323491613
2664,t0023,bus099,0.0
2663,t0023,bus069,0.0
2662,t0023,bus066,49.66296883399515
2667,t0023,bus049,110.7866249472778
2660,t0023,bus071,0.0
2661,t0023,bus065,0.0
2649,t0023,bus020,113.5279904776723
2650,t0023,bus028,107.2307754661339
2651,t0023,bus014,88.27975246233562
2652,t0023,bus021,88.27975246233562
2653,t0023,bus017,67.69991975748248
2648,t0023,bus007,119.8252123079944
2655,t0023,bus114,50.43709124270614
2656,t0023,bus023,44.13987623116781
2657,t0023,bus005,0.0
2658,t0023,bus009,0.0
2659,t0023,bus030,0.0
2654,t0023,bus022,63.09091969131746
2813,t0024,bus043,21.16699915637767
2814,t0024,bus052,21.16699915637767
2815,t0024,bus040,23.26819995403795
2816,t0024,bus050,19.99105463854274
2817,t0024,bus051,19.99105463854274
2820,t0024,bus057,14.11132988471705
2819,t0024,bus097,17.63916776752394
2821,t0024,bus058,14.11132988471705
2822,t0024,bus037,0.0
2823,t0024,bus038,0.0
2818,t0024,bus044,18.81511012070781
2812,t0024,bus042,43.50993850128817
2798,t0024,bus045,62.32504862199599
2810,t0024,bus053,27.04671958090127
2809,t0024,bus033,28.7165617053803
2808,t0024,bus039,31.75049765224098
2807,t0024,bus067,32.92644000542486
2806,t0024,bus116,0.0
2805,t0024,bus118,38.80616259459951
2804,t0024,bus098,39.98210494778338
2803,t0024,bus047,39.98210494778338
2802,t0024,bus035,41.19333111306947
2801,t0024,bus041,43.50993850128817
2800,t0024,bus079,45.86182753695804
2799,t0024,bus034,73.64939244549994
2824,t0024,bus063,0.0
2811,t0024,bus048,23.51888819204753
2825,t0024,bus064,0.0
2840,t0024,bus095,140.5696149760492
2827,t0024,bus081,0.0
2797,t0024,bus077,71.73260260002435
2854,t0024,bus102,16.73447441784828
2853,t0024,bus109,26.77515906855724
2852,t0024,bus084,36.8158437192662
2851,t0024,bus093,40.16273860283587
2850,t0024,bus103,76.97859725516389
2849,t0024,bus107,92.46653433625826
2848,t0024,bus085,80.32549213873357
2847,t0024,bus083,66.93791260445494
2846,t0024,bus086,70.2848074880246
2845,t0024,bus101,73.63170237159424
2844,t0024,bus094,100.4068614401515
2843,t0024,bus110,130.5289153922784
2842,t0024,bus091,0.0
2841,t0024,bus096,127.1820205087087
2839,t0024,bus106,143.9165098596189
2838,t0024,bus088,160.6509842774671
2837,t0024,bus082,180.7323535788851
2836,t0024,bus104,127.1820205087087
2835,t0024,bus105,103.7537563237211
2834,t0024,bus112,83.67238702230321
2833,t0024,bus111,0.0
2832,t0024,bus090,261.0578457176186
2831,t0024,bus089,0.0
2830,t0024,bus092,217.5481972981513
2829,t0024,bus100,123.8351256251391
2828,t0024,bus087,0.0
2826,t0024,bus068,0.0
2855,t0024,bus108,6.693789767139309
2796,t0024,bus055,74.08449163569422
2794,t0024,bus062,90.54771272073219
2762,t0024,bus008,0.0
2761,t0024,bus117,115.6680365741561
2760,t0024,bus002,115.6680365741561
2759,t0024,bus115,127.2184933989258
2758,t0024,bus031,248.7162519966666
2757,t0024,bus029,138.8234375813251
2756,t0024,bus016,144.5986722472802
2755,t0024,bus019,260.2667088214363
2754,t0024,bus006,300.7478013193301
2753,t0024,bus013,196.6302215699437
2752,t0024,bus003,225.5608572430678
2750,t0024,bus075,256.0715074696141
2763,t0024,bus024,0.0
2749,t0024,bus070,359.5897575529266
2747,t0024,bus074,370.4864348754146
2746,t0024,bus018,347.004128483179
2745,t0024,bus032,341.2288938172239
2744,t0024,bus113,0.0
2743,t0024,bus011,404.8653810687164
2742,t0024,bus015,520.5334364035833
2741,t0024,bus012,271.8171844069167
2740,t0024,bus025,0.0
2739,t0024,bus010,0.0
2738,t0024,bus026,0.0
2795,t0024,bus076,79.96421638951992
2748,t0024,bus001,294.9725854140858
2764,t0024,bus072,0.0
2751,t0024,bus027,358.6090726655783
2766,t0024,bus004,173.5293079204043
2765,t0024,bus073,0.0
2792,t0024,bus056,98.77932218092563
2791,t0024,bus046,32.92644000542486
2790,t0024,bus078,83.49204777837366
2789,t0024,bus060,91.7236572385671
2788,t0024,bus061,0.0
2787,t0024,bus054,132.8817067041854
2786,t0024,bus049,102.3071557344304
2785,t0024,bus059,325.736575159348
2784,t0024,bus080,152.8727635073792
2783,t0024,bus099,0.0
2782,t0024,bus069,0.0
2781,t0024,bus066,45.86182753695804
2780,t0024,bus065,0.0
2793,t0024,bus036,38.70032631085025
2767,t0024,bus007,109.8928206689117
2779,t0024,bus071,0.0
2768,t0024,bus020,104.1175797493864
2769,t0024,bus028,98.34234508343124
2770,t0024,bus014,80.96218499578762
2772,t0024,bus017,62.08822832782397
2771,t0024,bus021,80.96218499578762
2774,t0024,bus114,46.25632716384892
2775,t0024,bus023,40.48109249789381
2776,t0024,bus005,0.0
2777,t0024,bus009,0.0
2778,t0024,bus030,0.0
2773,t0024,bus022,57.86127134624821
