index,timestep,node,net_export
0,t0001,bus026,0
86,t0001,bus063,0
85,t0001,bus038,0
84,t0001,bus037,0
83,t0001,bus058,0
82,t0001,bus057,0
81,t0001,bus097,0
80,t0001,bus044,0
79,t0001,bus051,0
78,t0001,bus050,0
77,t0001,bus040,0
76,t0001,bus052,0
75,t0001,bus043,0
88,t0001,bus068,0
74,t0001,bus042,0
72,t0001,bus053,0
71,t0001,bus033,0
70,t0001,bus039,0
69,t0001,bus067,0
68,t0001,bus116,0
67,t0001,bus118,0
66,t0001,bus098,0
65,t0001,bus047,0
64,t0001,bus035,0
63,t0001,bus041,0
62,t0001,bus079,0
61,t0001,bus034,0
73,t0001,bus048,0
60,t0001,bus045,0
89,t0001,bus081,0
91,t0001,bus100,0
117,t0001,bus108,0
116,t0001,bus102,0
115,t0001,bus109,0
114,t0001,bus084,0
113,t0001,bus093,0
112,t0001,bus103,0
111,t0001,bus107,0
110,t0001,bus085,0
109,t0001,bus083,0
108,t0001,bus086,0
107,t0001,bus101,0
106,t0001,bus094,0
90,t0001,bus087,0
105,t0001,bus110,0
103,t0001,bus096,0
102,t0001,bus095,0
101,t0001,bus106,0
100,t0001,bus088,0
99,t0001,bus082,0
98,t0001,bus104,0
97,t0001,bus105,0
96,t0001,bus112,0
95,t0001,bus111,0
94,t0001,bus090,0
93,t0001,bus089,0
92,t0001,bus092,0
104,t0001,bus091,0
59,t0001,bus077,0
87,t0001,bus064,0
57,t0001,bus076,0
26,t0001,bus072,0
25,t0001,bus024,0
24,t0001,bus008,0
23,t0001,bus117,0
22,t0001,bus002,0
21,t0001,bus115,0
20,t0001,bus031,0
19,t0001,bus029,0
18,t0001,bus016,0
17,t0001,bus019,0
16,t0001,bus006,0
15,t0001,bus013,0
27,t0001,bus073,0
14,t0001,bus003,0
12,t0001,bus075,0
11,t0001,bus070,0
10,t0001,bus001,0
9,t0001,bus074,0
8,t0001,bus018,0
7,t0001,bus032,0
6,t0001,bus113,0
5,t0001,bus011,0
4,t0001,bus015,0
3,t0001,bus012,0
2,t0001,bus025,0
58,t0001,bus055,0
13,t0001,bus027,0
28,t0001,bus004,0
1,t0001,bus010,0
30,t0001,bus020,0
29,t0001,bus007,0
55,t0001,bus036,0
54,t0001,bus056,0
53,t0001,bus046,0
52,t0001,bus078,0
51,t0001,bus060,0
50,t0001,bus061,0
49,t0001,bus054,0
48,t0001,bus049,0
47,t0001,bus059,0
46,t0001,bus080,0
45,t0001,bus099,0
44,t0001,bus069,0
56,t0001,bus062,0
42,t0001,bus065,0
43,t0001,bus066,0
31,t0001,bus028,0
32,t0001,bus014,0
33,t0001,bus021,0
35,t0001,bus022,0
34,t0001,bus017,0
37,t0001,bus023,0
38,t0001,bus005,0
39,t0001,bus009,0
40,t0001,bus030,0
41,t0001,bus071,0
36,t0001,bus114,0
197,t0002,bus051,0
194,t0002,bus052,0
195,t0002,bus040,0
196,t0002,bus050,0
198,t0002,bus044,0
204,t0002,bus063,0
200,t0002,bus057,0
201,t0002,bus058,0
202,t0002,bus037,0
203,t0002,bus038,0
179,t0002,bus034,0
199,t0002,bus097,0
193,t0002,bus043,0
187,t0002,bus067,0
191,t0002,bus048,0
190,t0002,bus053,0
189,t0002,bus033,0
188,t0002,bus039,0
186,t0002,bus116,0
185,t0002,bus118,0
184,t0002,bus098,0
183,t0002,bus047,0
182,t0002,bus035,0
181,t0002,bus041,0
180,t0002,bus079,0
205,t0002,bus064,0
192,t0002,bus042,0
207,t0002,bus081,0
221,t0002,bus096,0
209,t0002,bus100,0
178,t0002,bus045,0
235,t0002,bus108,0
234,t0002,bus102,0
233,t0002,bus109,0
232,t0002,bus084,0
231,t0002,bus093,0
230,t0002,bus103,0
229,t0002,bus107,0
228,t0002,bus085,0
227,t0002,bus083,0
226,t0002,bus086,0
225,t0002,bus101,0
208,t0002,bus087,0
224,t0002,bus094,0
222,t0002,bus091,0
220,t0002,bus095,0
219,t0002,bus106,0
218,t0002,bus088,0
217,t0002,bus082,0
216,t0002,bus104,0
215,t0002,bus105,0
214,t0002,bus112,0
213,t0002,bus111,0
212,t0002,bus090,0
211,t0002,bus089,0
210,t0002,bus092,0
223,t0002,bus110,0
177,t0002,bus077,0
206,t0002,bus068,0
175,t0002,bus076,0
144,t0002,bus072,0
143,t0002,bus024,0
142,t0002,bus008,0
141,t0002,bus117,0
140,t0002,bus002,0
139,t0002,bus115,0
138,t0002,bus031,0
137,t0002,bus029,0
136,t0002,bus016,0
135,t0002,bus019,0
134,t0002,bus006,0
133,t0002,bus013,0
145,t0002,bus073,0
132,t0002,bus003,0
130,t0002,bus075,0
129,t0002,bus070,0
128,t0002,bus001,0
127,t0002,bus074,0
126,t0002,bus018,0
125,t0002,bus032,0
124,t0002,bus113,0
123,t0002,bus011,0
122,t0002,bus015,0
121,t0002,bus012,0
120,t0002,bus025,0
119,t0002,bus010,0
131,t0002,bus027,0
146,t0002,bus004,0
118,t0002,bus026,0
147,t0002,bus007,0
174,t0002,bus062,0
173,t0002,bus036,0
172,t0002,bus056,0
171,t0002,bus046,0
170,t0002,bus078,0
169,t0002,bus060,0
168,t0002,bus061,0
167,t0002,bus054,0
166,t0002,bus049,0
165,t0002,bus059,0
164,t0002,bus080,0
163,t0002,bus099,0
162,t0002,bus069,0
176,t0002,bus055,0
160,t0002,bus065,0
161,t0002,bus066,0
149,t0002,bus028,0
150,t0002,bus014,0
151,t0002,bus021,0
152,t0002,bus017,0
153,t0002,bus022,0
148,t0002,bus020,0
155,t0002,bus023,0
154,t0002,bus114,0
158,t0002,bus030,0
159,t0002,bus071,0
156,t0002,bus005,0
157,t0002,bus009,0
311,t0003,bus043,0
321,t0003,bus038,0
320,t0003,bus037,0
319,t0003,bus058,0
318,t0003,bus057,0
317,t0003,bus097,0
316,t0003,bus044,0
315,t0003,bus051,0
314,t0003,bus050,0
313,t0003,bus040,0
312,t0003,bus052,0
310,t0003,bus042,0
303,t0003,bus118,0
308,t0003,bus053,0
307,t0003,bus033,0
306,t0003,bus039,0
305,t0003,bus067,0
304,t0003,bus116,0
322,t0003,bus063,0
302,t0003,bus098,0
301,t0003,bus047,0
300,t0003,bus035,0
299,t0003,bus041,0
298,t0003,bus079,0
297,t0003,bus034,0
296,t0003,bus045,0
309,t0003,bus048,0
323,t0003,bus064,0
330,t0003,bus090,0
325,t0003,bus081,0
295,t0003,bus077,0
352,t0003,bus102,0
351,t0003,bus109,0
350,t0003,bus084,0
349,t0003,bus093,0
348,t0003,bus103,0
347,t0003,bus107,0
346,t0003,bus085,0
345,t0003,bus083,0
344,t0003,bus086,0
343,t0003,bus101,0
342,t0003,bus094,0
341,t0003,bus110,0
340,t0003,bus091,0
339,t0003,bus096,0
353,t0003,bus108,0
337,t0003,bus106,0
336,t0003,bus088,0
335,t0003,bus082,0
334,t0003,bus104,0
333,t0003,bus105,0
332,t0003,bus112,0
331,t0003,bus111,0
329,t0003,bus089,0
328,t0003,bus092,0
327,t0003,bus100,0
326,t0003,bus087,0
324,t0003,bus068,0
338,t0003,bus095,0
294,t0003,bus055,0
292,t0003,bus062,0
261,t0003,bus024,0
260,t0003,bus008,0
259,t0003,bus117,0
258,t0003,bus002,0
257,t0003,bus115,0
256,t0003,bus031,0
255,t0003,bus029,0
254,t0003,bus016,0
253,t0003,bus019,0
252,t0003,bus006,0
251,t0003,bus013,0
249,t0003,bus027,0
262,t0003,bus072,0
248,t0003,bus075,0
246,t0003,bus001,0
245,t0003,bus074,0
244,t0003,bus018,0
243,t0003,bus032,0
242,t0003,bus113,0
241,t0003,bus011,0
240,t0003,bus015,0
239,t0003,bus012,0
238,t0003,bus025,0
237,t0003,bus010,0
236,t0003,bus026,0
293,t0003,bus076,0
247,t0003,bus070,0
263,t0003,bus073,0
250,t0003,bus003,0
265,t0003,bus007,0
291,t0003,bus036,0
264,t0003,bus004,0
290,t0003,bus056,0
289,t0003,bus046,0
288,t0003,bus078,0
287,t0003,bus060,0
286,t0003,bus061,0
285,t0003,bus054,0
283,t0003,bus059,0
282,t0003,bus080,0
281,t0003,bus099,0
280,t0003,bus069,0
279,t0003,bus066,0
284,t0003,bus049,0
277,t0003,bus071,0
266,t0003,bus020,0
278,t0003,bus065,0
268,t0003,bus014,0
269,t0003,bus021,0
270,t0003,bus017,0
271,t0003,bus022,0
267,t0003,bus028,0
273,t0003,bus023,0
274,t0003,bus005,0
275,t0003,bus009,0
276,t0003,bus030,0
272,t0003,bus114,0
430,t0004,bus052,0
431,t0004,bus040,0
432,t0004,bus050,0
433,t0004,bus051,0
434,t0004,bus044,0
437,t0004,bus058,0
436,t0004,bus057,0
438,t0004,bus037,0
439,t0004,bus038,0
440,t0004,bus063,0
429,t0004,bus043,0
435,t0004,bus097,0
428,t0004,bus042,0
415,t0004,bus034,0
426,t0004,bus053,0
425,t0004,bus033,0
424,t0004,bus039,0
423,t0004,bus067,0
422,t0004,bus116,0
421,t0004,bus118,0
420,t0004,bus098,0
419,t0004,bus047,0
418,t0004,bus035,0
417,t0004,bus041,0
416,t0004,bus079,0
441,t0004,bus064,0
427,t0004,bus048,0
442,t0004,bus068,0
471,t0004,bus108,0
444,t0004,bus087,0
414,t0004,bus045,0
470,t0004,bus102,0
469,t0004,bus109,0
468,t0004,bus084,0
467,t0004,bus093,0
466,t0004,bus103,0
465,t0004,bus107,0
464,t0004,bus085,0
463,t0004,bus083,0
462,t0004,bus086,0
461,t0004,bus101,0
460,t0004,bus094,0
459,t0004,bus110,0
458,t0004,bus091,0
457,t0004,bus096,0
456,t0004,bus095,0
455,t0004,bus106,0
454,t0004,bus088,0
453,t0004,bus082,0
452,t0004,bus104,0
451,t0004,bus105,0
450,t0004,bus112,0
449,t0004,bus111,0
448,t0004,bus090,0
447,t0004,bus089,0
446,t0004,bus092,0
445,t0004,bus100,0
443,t0004,bus081,0
413,t0004,bus077,0
383,t0004,bus007,0
411,t0004,bus076,0
380,t0004,bus072,0
379,t0004,bus024,0
378,t0004,bus008,0
377,t0004,bus117,0
376,t0004,bus002,0
375,t0004,bus115,0
374,t0004,bus031,0
373,t0004,bus029,0
372,t0004,bus016,0
371,t0004,bus019,0
370,t0004,bus006,0
369,t0004,bus013,0
381,t0004,bus073,0
368,t0004,bus003,0
366,t0004,bus075,0
365,t0004,bus070,0
364,t0004,bus001,0
363,t0004,bus074,0
362,t0004,bus018,0
361,t0004,bus032,0
360,t0004,bus113,0
359,t0004,bus011,0
358,t0004,bus015,0
357,t0004,bus012,0
356,t0004,bus025,0
355,t0004,bus010,0
367,t0004,bus027,0
382,t0004,bus004,0
354,t0004,bus026,0
384,t0004,bus020,0
410,t0004,bus062,0
409,t0004,bus036,0
408,t0004,bus056,0
407,t0004,bus046,0
406,t0004,bus078,0
405,t0004,bus060,0
404,t0004,bus061,0
412,t0004,bus055,0
402,t0004,bus049,0
401,t0004,bus059,0
400,t0004,bus080,0
399,t0004,bus099,0
398,t0004,bus069,0
403,t0004,bus054,0
396,t0004,bus065,0
397,t0004,bus066,0
385,t0004,bus028,0
386,t0004,bus014,0
387,t0004,bus021,0
389,t0004,bus022,0
388,t0004,bus017,0
391,t0004,bus023,0
392,t0004,bus005,0
393,t0004,bus009,0
394,t0004,bus030,0
395,t0004,bus071,0
390,t0004,bus114,0
552,t0005,bus044,0
549,t0005,bus040,0
550,t0005,bus050,0
551,t0005,bus051,0
553,t0005,bus097,0
559,t0005,bus064,0
555,t0005,bus058,0
556,t0005,bus037,0
557,t0005,bus038,0
558,t0005,bus063,0
554,t0005,bus057,0
548,t0005,bus052,0
534,t0005,bus079,0
546,t0005,bus042,0
545,t0005,bus048,0
544,t0005,bus053,0
543,t0005,bus033,0
542,t0005,bus039,0
541,t0005,bus067,0
540,t0005,bus116,0
539,t0005,bus118,0
538,t0005,bus098,0
537,t0005,bus047,0
536,t0005,bus035,0
535,t0005,bus041,0
560,t0005,bus068,0
547,t0005,bus043,0
561,t0005,bus081,0
575,t0005,bus096,0
563,t0005,bus100,0
533,t0005,bus034,0
589,t0005,bus108,0
588,t0005,bus102,0
587,t0005,bus109,0
586,t0005,bus084,0
585,t0005,bus093,0
584,t0005,bus103,0
583,t0005,bus107,0
582,t0005,bus085,0
581,t0005,bus083,0
580,t0005,bus086,0
579,t0005,bus101,0
562,t0005,bus087,0
578,t0005,bus094,0
576,t0005,bus091,0
574,t0005,bus095,0
573,t0005,bus106,0
572,t0005,bus088,0
571,t0005,bus082,0
570,t0005,bus104,0
569,t0005,bus105,0
568,t0005,bus112,0
567,t0005,bus111,0
566,t0005,bus090,0
565,t0005,bus089,0
564,t0005,bus092,0
577,t0005,bus110,0
532,t0005,bus045,0
531,t0005,bus077,0
472,t0005,bus026,0
498,t0005,bus072,0
497,t0005,bus024,0
496,t0005,bus008,0
495,t0005,bus117,0
494,t0005,bus002,0
493,t0005,bus115,0
492,t0005,bus031,0
491,t0005,bus029,0
490,t0005,bus016,0
489,t0005,bus019,0
488,t0005,bus006,0
486,t0005,bus003,0
499,t0005,bus073,0
485,t0005,bus027,0
483,t0005,bus070,0
482,t0005,bus001,0
481,t0005,bus074,0
480,t0005,bus018,0
479,t0005,bus032,0
478,t0005,bus113,0
477,t0005,bus011,0
476,t0005,bus015,0
475,t0005,bus012,0
474,t0005,bus025,0
473,t0005,bus010,0
530,t0005,bus055,0
484,t0005,bus075,0
500,t0005,bus004,0
487,t0005,bus013,0
502,t0005,bus020,0
501,t0005,bus007,0
528,t0005,bus062,0
527,t0005,bus036,0
526,t0005,bus056,0
525,t0005,bus046,0
524,t0005,bus078,0
523,t0005,bus060,0
522,t0005,bus061,0
521,t0005,bus054,0
520,t0005,bus049,0
519,t0005,bus059,0
518,t0005,bus080,0
517,t0005,bus099,0
516,t0005,bus069,0
529,t0005,bus076,0
503,t0005,bus028,0
515,t0005,bus066,0
504,t0005,bus014,0
505,t0005,bus021,0
506,t0005,bus017,0
508,t0005,bus114,0
507,t0005,bus022,0
510,t0005,bus005,0
511,t0005,bus009,0
512,t0005,bus030,0
513,t0005,bus071,0
514,t0005,bus065,0
509,t0005,bus023,0
670,t0006,bus044,0
667,t0006,bus040,0
668,t0006,bus050,0
669,t0006,bus051,0
671,t0006,bus097,0
677,t0006,bus064,0
673,t0006,bus058,0
674,t0006,bus037,0
675,t0006,bus038,0
676,t0006,bus063,0
666,t0006,bus052,0
672,t0006,bus057,0
665,t0006,bus043,0
658,t0006,bus116,0
663,t0006,bus048,0
662,t0006,bus053,0
661,t0006,bus033,0
660,t0006,bus039,0
659,t0006,bus067,0
657,t0006,bus118,0
656,t0006,bus098,0
655,t0006,bus047,0
654,t0006,bus035,0
653,t0006,bus041,0
652,t0006,bus079,0
651,t0006,bus034,0
664,t0006,bus042,0
678,t0006,bus068,0
650,t0006,bus045,0
680,t0006,bus087,0
707,t0006,bus108,0
706,t0006,bus102,0
705,t0006,bus109,0
704,t0006,bus084,0
703,t0006,bus093,0
702,t0006,bus103,0
701,t0006,bus107,0
700,t0006,bus085,0
699,t0006,bus083,0
698,t0006,bus086,0
697,t0006,bus101,0
696,t0006,bus094,0
695,t0006,bus110,0
694,t0006,bus091,0
693,t0006,bus096,0
692,t0006,bus095,0
691,t0006,bus106,0
690,t0006,bus088,0
689,t0006,bus082,0
688,t0006,bus104,0
687,t0006,bus105,0
686,t0006,bus112,0
685,t0006,bus111,0
684,t0006,bus090,0
683,t0006,bus089,0
682,t0006,bus092,0
681,t0006,bus100,0
679,t0006,bus081,0
649,t0006,bus077,0
590,t0006,bus026,0
647,t0006,bus076,0
616,t0006,bus072,0
615,t0006,bus024,0
614,t0006,bus008,0
613,t0006,bus117,0
612,t0006,bus002,0
611,t0006,bus115,0
610,t0006,bus031,0
609,t0006,bus029,0
608,t0006,bus016,0
607,t0006,bus019,0
606,t0006,bus006,0
604,t0006,bus003,0
617,t0006,bus073,0
603,t0006,bus027,0
601,t0006,bus070,0
600,t0006,bus001,0
599,t0006,bus074,0
598,t0006,bus018,0
597,t0006,bus032,0
596,t0006,bus113,0
595,t0006,bus011,0
594,t0006,bus015,0
593,t0006,bus012,0
592,t0006,bus025,0
591,t0006,bus010,0
648,t0006,bus055,0
602,t0006,bus075,0
618,t0006,bus004,0
605,t0006,bus013,0
620,t0006,bus020,0
646,t0006,bus062,0
619,t0006,bus007,0
645,t0006,bus036,0
644,t0006,bus056,0
643,t0006,bus046,0
642,t0006,bus078,0
641,t0006,bus060,0
640,t0006,bus061,0
638,t0006,bus049,0
637,t0006,bus059,0
636,t0006,bus080,0
635,t0006,bus099,0
634,t0006,bus069,0
639,t0006,bus054,0
632,t0006,bus065,0
621,t0006,bus028,0
633,t0006,bus066,0
623,t0006,bus021,0
624,t0006,bus017,0
625,t0006,bus022,0
626,t0006,bus114,0
622,t0006,bus014,0
628,t0006,bus005,0
629,t0006,bus009,0
630,t0006,bus030,0
631,t0006,bus071,0
627,t0006,bus023,0
784,t0007,bus052,0
785,t0007,bus040,0
786,t0007,bus050,0
787,t0007,bus051,0
788,t0007,bus044,0
791,t0007,bus058,0
790,t0007,bus057,0
792,t0007,bus037,0
793,t0007,bus038,0
794,t0007,bus063,0
783,t0007,bus043,0
789,t0007,bus097,0
782,t0007,bus042,0
769,t0007,bus034,0
780,t0007,bus053,0
779,t0007,bus033,0
778,t0007,bus039,0
777,t0007,bus067,0
776,t0007,bus116,0
775,t0007,bus118,0
774,t0007,bus098,0
773,t0007,bus047,0
772,t0007,bus035,0
771,t0007,bus041,0
770,t0007,bus079,0
795,t0007,bus064,0
781,t0007,bus048,0
796,t0007,bus068,0
825,t0007,bus108,0
798,t0007,bus087,0
768,t0007,bus045,0
824,t0007,bus102,0
823,t0007,bus109,0
822,t0007,bus084,0
821,t0007,bus093,0
820,t0007,bus103,0
819,t0007,bus107,0
818,t0007,bus085,0
817,t0007,bus083,0
816,t0007,bus086,0
815,t0007,bus101,0
814,t0007,bus094,0
813,t0007,bus110,0
812,t0007,bus091,0
811,t0007,bus096,0
810,t0007,bus095,0
809,t0007,bus106,0
808,t0007,bus088,0
807,t0007,bus082,0
806,t0007,bus104,0
805,t0007,bus105,0
804,t0007,bus112,0
803,t0007,bus111,0
802,t0007,bus090,0
801,t0007,bus089,0
800,t0007,bus092,0
799,t0007,bus100,0
797,t0007,bus081,0
767,t0007,bus077,0
737,t0007,bus007,0
765,t0007,bus076,0
733,t0007,bus024,0
732,t0007,bus008,0
731,t0007,bus117,0
730,t0007,bus002,0
729,t0007,bus115,0
728,t0007,bus031,0
727,t0007,bus029,0
726,t0007,bus016,0
725,t0007,bus019,0
724,t0007,bus006,0
723,t0007,bus013,0
722,t0007,bus003,0
734,t0007,bus072,0
721,t0007,bus027,0
719,t0007,bus070,0
718,t0007,bus001,0
717,t0007,bus074,0
716,t0007,bus018,0
715,t0007,bus032,0
714,t0007,bus113,0
713,t0007,bus011,0
712,t0007,bus015,0
711,t0007,bus012,0
710,t0007,bus025,0
709,t0007,bus010,0
708,t0007,bus026,0
720,t0007,bus075,0
735,t0007,bus073,0
766,t0007,bus055,0
764,t0007,bus062,0
736,t0007,bus004,0
763,t0007,bus036,0
762,t0007,bus056,0
761,t0007,bus046,0
760,t0007,bus078,0
759,t0007,bus060,0
758,t0007,bus061,0
756,t0007,bus049,0
755,t0007,bus059,0
754,t0007,bus080,0
753,t0007,bus099,0
752,t0007,bus069,0
751,t0007,bus066,0
757,t0007,bus054,0
749,t0007,bus071,0
738,t0007,bus020,0
750,t0007,bus065,0
739,t0007,bus028,0
740,t0007,bus014,0
741,t0007,bus021,0
743,t0007,bus022,0
742,t0007,bus017,0
745,t0007,bus023,0
746,t0007,bus005,0
747,t0007,bus009,0
748,t0007,bus030,0
744,t0007,bus114,0
905,t0008,bus051,0
902,t0008,bus052,0
903,t0008,bus040,0
904,t0008,bus050,0
906,t0008,bus044,0
912,t0008,bus063,0
908,t0008,bus057,0
909,t0008,bus058,0
910,t0008,bus037,0
911,t0008,bus038,0
901,t0008,bus043,0
907,t0008,bus097,0
899,t0008,bus048,0
943,t0008,bus108,0
897,t0008,bus033,0
896,t0008,bus039,0
895,t0008,bus067,0
894,t0008,bus116,0
893,t0008,bus118,0
892,t0008,bus098,0
891,t0008,bus047,0
890,t0008,bus035,0
889,t0008,bus041,0
888,t0008,bus079,0
887,t0008,bus034,0
913,t0008,bus064,0
898,t0008,bus053,0
914,t0008,bus068,0
929,t0008,bus096,0
916,t0008,bus087,0
942,t0008,bus102,0
941,t0008,bus109,0
940,t0008,bus084,0
939,t0008,bus093,0
938,t0008,bus103,0
937,t0008,bus107,0
936,t0008,bus085,0
935,t0008,bus083,0
934,t0008,bus086,0
933,t0008,bus101,0
932,t0008,bus094,0
931,t0008,bus110,0
915,t0008,bus081,0
930,t0008,bus091,0
928,t0008,bus095,0
927,t0008,bus106,0
926,t0008,bus088,0
925,t0008,bus082,0
924,t0008,bus104,0
923,t0008,bus105,0
922,t0008,bus112,0
921,t0008,bus111,0
920,t0008,bus090,0
919,t0008,bus089,0
918,t0008,bus092,0
917,t0008,bus100,0
886,t0008,bus045,0
885,t0008,bus077,0
900,t0008,bus042,0
883,t0008,bus076,0
852,t0008,bus072,0
851,t0008,bus024,0
850,t0008,bus008,0
849,t0008,bus117,0
848,t0008,bus002,0
847,t0008,bus115,0
846,t0008,bus031,0
845,t0008,bus029,0
844,t0008,bus016,0
843,t0008,bus019,0
842,t0008,bus006,0
840,t0008,bus003,0
839,t0008,bus027,0
838,t0008,bus075,0
837,t0008,bus070,0
836,t0008,bus001,0
835,t0008,bus074,0
834,t0008,bus018,0
833,t0008,bus032,0
832,t0008,bus113,0
831,t0008,bus011,0
830,t0008,bus015,0
829,t0008,bus012,0
828,t0008,bus025,0
827,t0008,bus010,0
884,t0008,bus055,0
826,t0008,bus026,0
853,t0008,bus073,0
854,t0008,bus004,0
841,t0008,bus013,0
856,t0008,bus020,0
882,t0008,bus062,0
855,t0008,bus007,0
880,t0008,bus056,0
879,t0008,bus046,0
878,t0008,bus078,0
877,t0008,bus060,0
876,t0008,bus061,0
875,t0008,bus054,0
874,t0008,bus049,0
873,t0008,bus059,0
872,t0008,bus080,0
871,t0008,bus099,0
870,t0008,bus069,0
869,t0008,bus066,0
881,t0008,bus036,0
868,t0008,bus065,0
857,t0008,bus028,0
859,t0008,bus021,0
860,t0008,bus017,0
861,t0008,bus022,0
862,t0008,bus114,0
858,t0008,bus014,0
864,t0008,bus005,0
865,t0008,bus009,0
866,t0008,bus030,0
867,t0008,bus071,0
863,t0008,bus023,0
1020,t0009,bus052,0
1021,t0009,bus040,0
1022,t0009,bus050,0
1023,t0009,bus051,0
1024,t0009,bus044,0
1026,t0009,bus057,0
1027,t0009,bus058,0
1028,t0009,bus037,0
1029,t0009,bus038,0
1030,t0009,bus063,0
1025,t0009,bus097,0
1019,t0009,bus043,0
1013,t0009,bus067,0
1017,t0009,bus048,0
1016,t0009,bus053,0
1015,t0009,bus033,0
1014,t0009,bus039,0
1005,t0009,bus034,0
1012,t0009,bus116,0
1011,t0009,bus118,0
1010,t0009,bus098,0
1009,t0009,bus047,0
1008,t0009,bus035,0
1007,t0009,bus041,0
1006,t0009,bus079,0
1031,t0009,bus064,0
1018,t0009,bus042,0
1032,t0009,bus068,0
1061,t0009,bus108,0
1034,t0009,bus087,0
1004,t0009,bus045,0
1060,t0009,bus102,0
1059,t0009,bus109,0
1058,t0009,bus084,0
1057,t0009,bus093,0
1056,t0009,bus103,0
1055,t0009,bus107,0
1054,t0009,bus085,0
1053,t0009,bus083,0
1052,t0009,bus086,0
1051,t0009,bus101,0
1050,t0009,bus094,0
1049,t0009,bus110,0
1048,t0009,bus091,0
1047,t0009,bus096,0
1046,t0009,bus095,0
1045,t0009,bus106,0
1044,t0009,bus088,0
1043,t0009,bus082,0
1042,t0009,bus104,0
1041,t0009,bus105,0
1040,t0009,bus112,0
1039,t0009,bus111,0
1038,t0009,bus090,0
1037,t0009,bus089,0
1036,t0009,bus092,0
1035,t0009,bus100,0
1033,t0009,bus081,0
1003,t0009,bus077,0
958,t0009,bus003,0
1001,t0009,bus076,0
970,t0009,bus072,0
969,t0009,bus024,0
968,t0009,bus008,0
967,t0009,bus117,0
966,t0009,bus002,0
965,t0009,bus115,0
964,t0009,bus031,0
963,t0009,bus029,0
962,t0009,bus016,0
961,t0009,bus019,0
960,t0009,bus006,0
957,t0009,bus027,0
971,t0009,bus073,0
956,t0009,bus075,0
954,t0009,bus001,0
953,t0009,bus074,0
952,t0009,bus018,0
951,t0009,bus032,0
950,t0009,bus113,0
949,t0009,bus011,0
948,t0009,bus015,0
947,t0009,bus012,0
946,t0009,bus025,0
945,t0009,bus010,0
944,t0009,bus026,0
1002,t0009,bus055,0
955,t0009,bus070,0
972,t0009,bus004,0
959,t0009,bus013,0
974,t0009,bus020,0
973,t0009,bus007,0
999,t0009,bus036,0
998,t0009,bus056,0
997,t0009,bus046,0
996,t0009,bus078,0
995,t0009,bus060,0
994,t0009,bus061,0
993,t0009,bus054,0
992,t0009,bus049,0
991,t0009,bus059,0
990,t0009,bus080,0
989,t0009,bus099,0
988,t0009,bus069,0
1000,t0009,bus062,0
986,t0009,bus065,0
987,t0009,bus066,0
976,t0009,bus014,0
977,t0009,bus021,0
978,t0009,bus017,0
979,t0009,bus022,0
980,t0009,bus114,0
975,t0009,bus028,0
982,t0009,bus005,0
983,t0009,bus009,0
984,t0009,bus030,0
985,t0009,bus071,0
981,t0009,bus023,0
1138,t0010,bus052,0
1139,t0010,bus040,0
1140,t0010,bus050,0
1148,t0010,bus063,0
1141,t0010,bus051,0
1144,t0010,bus057,0
1143,t0010,bus097,0
1145,t0010,bus058,0
1146,t0010,bus037,0
1147,t0010,bus038,0
1137,t0010,bus043,0
1142,t0010,bus044,0
1136,t0010,bus042,0
1130,t0010,bus116,0
1134,t0010,bus053,0
1133,t0010,bus033,0
1132,t0010,bus039,0
1131,t0010,bus067,0
1129,t0010,bus118,0
1128,t0010,bus098,0
1127,t0010,bus047,0
1126,t0010,bus035,0
1125,t0010,bus041,0
1124,t0010,bus079,0
1123,t0010,bus034,0
1149,t0010,bus064,0
1135,t0010,bus048,0
1150,t0010,bus068,0
1122,t0010,bus045,0
1152,t0010,bus087,0
1178,t0010,bus102,0
1177,t0010,bus109,0
1176,t0010,bus084,0
1175,t0010,bus093,0
1174,t0010,bus103,0
1173,t0010,bus107,0
1172,t0010,bus085,0
1171,t0010,bus083,0
1170,t0010,bus086,0
1169,t0010,bus101,0
1168,t0010,bus094,0
1167,t0010,bus110,0
1151,t0010,bus081,0
1166,t0010,bus091,0
1164,t0010,bus095,0
1163,t0010,bus106,0
1162,t0010,bus088,0
1161,t0010,bus082,0
1160,t0010,bus104,0
1159,t0010,bus105,0
1158,t0010,bus112,0
1157,t0010,bus111,0
1156,t0010,bus090,0
1155,t0010,bus089,0
1154,t0010,bus092,0
1153,t0010,bus100,0
1165,t0010,bus096,0
1179,t0010,bus108,0
1121,t0010,bus077,0
1119,t0010,bus076,0
1087,t0010,bus024,0
1086,t0010,bus008,0
1085,t0010,bus117,0
1084,t0010,bus002,0
1083,t0010,bus115,0
1082,t0010,bus031,0
1081,t0010,bus029,0
1080,t0010,bus016,0
1079,t0010,bus019,0
1078,t0010,bus006,0
1077,t0010,bus013,0
1076,t0010,bus003,0
1088,t0010,bus072,0
1075,t0010,bus027,0
1073,t0010,bus070,0
1072,t0010,bus001,0
1071,t0010,bus074,0
1070,t0010,bus018,0
1069,t0010,bus032,0
1068,t0010,bus113,0
1067,t0010,bus011,0
1066,t0010,bus015,0
1065,t0010,bus012,0
1064,t0010,bus025,0
1063,t0010,bus010,0
1062,t0010,bus026,0
1074,t0010,bus075,0
1089,t0010,bus073,0
1120,t0010,bus055,0
1091,t0010,bus007,0
1118,t0010,bus062,0
1117,t0010,bus036,0
1116,t0010,bus056,0
1115,t0010,bus046,0
1114,t0010,bus078,0
1113,t0010,bus060,0
1112,t0010,bus061,0
1090,t0010,bus004,0
1110,t0010,bus049,0
1109,t0010,bus059,0
1108,t0010,bus080,0
1107,t0010,bus099,0
1106,t0010,bus069,0
1111,t0010,bus054,0
1104,t0010,bus065,0
1105,t0010,bus066,0
1093,t0010,bus028,0
1094,t0010,bus014,0
1095,t0010,bus021,0
1096,t0010,bus017,0
1097,t0010,bus022,0
1092,t0010,bus020,0
1099,t0010,bus023,0
1100,t0010,bus005,0
1101,t0010,bus009,0
1102,t0010,bus030,0
1103,t0010,bus071,0
1098,t0010,bus114,0
1256,t0011,bus052,0
1257,t0011,bus040,0
1258,t0011,bus050,0
1259,t0011,bus051,0
1260,t0011,bus044,0
1263,t0011,bus058,0
1262,t0011,bus057,0
1264,t0011,bus037,0
1265,t0011,bus038,0
1266,t0011,bus063,0
1261,t0011,bus097,0
1255,t0011,bus043,0
1241,t0011,bus034,0
1253,t0011,bus048,0
1252,t0011,bus053,0
1251,t0011,bus033,0
1250,t0011,bus039,0
1249,t0011,bus067,0
1248,t0011,bus116,0
1247,t0011,bus118,0
1246,t0011,bus098,0
1245,t0011,bus047,0
1244,t0011,bus035,0
1243,t0011,bus041,0
1242,t0011,bus079,0
1267,t0011,bus064,0
1254,t0011,bus042,0
1268,t0011,bus068,0
1282,t0011,bus095,0
1270,t0011,bus087,0
1240,t0011,bus045,0
1296,t0011,bus102,0
1295,t0011,bus109,0
1294,t0011,bus084,0
1293,t0011,bus093,0
1292,t0011,bus103,0
1291,t0011,bus107,0
1290,t0011,bus085,0
1289,t0011,bus083,0
1288,t0011,bus086,0
1287,t0011,bus101,0
1286,t0011,bus094,0
1269,t0011,bus081,0
1285,t0011,bus110,0
1283,t0011,bus096,0
1281,t0011,bus106,0
1280,t0011,bus088,0
1279,t0011,bus082,0
1278,t0011,bus104,0
1277,t0011,bus105,0
1276,t0011,bus112,0
1275,t0011,bus111,0
1274,t0011,bus090,0
1273,t0011,bus089,0
1272,t0011,bus092,0
1271,t0011,bus100,0
1284,t0011,bus091,0
1239,t0011,bus077,0
1297,t0011,bus108,0
1237,t0011,bus076,0
1205,t0011,bus024,0
1204,t0011,bus008,0
1203,t0011,bus117,0
1202,t0011,bus002,0
1201,t0011,bus115,0
1200,t0011,bus031,0
1199,t0011,bus029,0
1198,t0011,bus016,0
1197,t0011,bus019,0
1196,t0011,bus006,0
1195,t0011,bus013,0
1194,t0011,bus003,0
1206,t0011,bus072,0
1193,t0011,bus027,0
1191,t0011,bus070,0
1190,t0011,bus001,0
1189,t0011,bus074,0
1188,t0011,bus018,0
1187,t0011,bus032,0
1186,t0011,bus113,0
1185,t0011,bus011,0
1184,t0011,bus015,0
1183,t0011,bus012,0
1182,t0011,bus025,0
1181,t0011,bus010,0
1180,t0011,bus026,0
1192,t0011,bus075,0
1207,t0011,bus073,0
1238,t0011,bus055,0
1209,t0011,bus007,0
1236,t0011,bus062,0
1235,t0011,bus036,0
1234,t0011,bus056,0
1233,t0011,bus046,0
1232,t0011,bus078,0
1231,t0011,bus060,0
1230,t0011,bus061,0
1208,t0011,bus004,0
1228,t0011,bus049,0
1227,t0011,bus059,0
1226,t0011,bus080,0
1225,t0011,bus099,0
1224,t0011,bus069,0
1229,t0011,bus054,0
1222,t0011,bus065,0
1223,t0011,bus066,0
1211,t0011,bus028,0
1212,t0011,bus014,0
1213,t0011,bus021,0
1214,t0011,bus017,0
1215,t0011,bus022,0
1210,t0011,bus020,0
1217,t0011,bus023,0
1218,t0011,bus005,0
1219,t0011,bus009,0
1220,t0011,bus030,0
1221,t0011,bus071,0
1216,t0011,bus114,0
1373,t0012,bus043,0
1374,t0012,bus052,0
1375,t0012,bus040,0
1376,t0012,bus050,0
1377,t0012,bus051,0
1380,t0012,bus057,0
1379,t0012,bus097,0
1381,t0012,bus058,0
1382,t0012,bus037,0
1383,t0012,bus038,0
1378,t0012,bus044,0
1372,t0012,bus042,0
1358,t0012,bus045,0
1370,t0012,bus053,0
1369,t0012,bus033,0
1368,t0012,bus039,0
1367,t0012,bus067,0
1366,t0012,bus116,0
1365,t0012,bus118,0
1364,t0012,bus098,0
1363,t0012,bus047,0
1362,t0012,bus035,0
1361,t0012,bus041,0
1360,t0012,bus079,0
1359,t0012,bus034,0
1384,t0012,bus063,0
1371,t0012,bus048,0
1385,t0012,bus064,0
1400,t0012,bus095,0
1387,t0012,bus081,0
1357,t0012,bus077,0
1414,t0012,bus102,0
1413,t0012,bus109,0
1412,t0012,bus084,0
1411,t0012,bus093,0
1410,t0012,bus103,0
1409,t0012,bus107,0
1408,t0012,bus085,0
1407,t0012,bus083,0
1406,t0012,bus086,0
1405,t0012,bus101,0
1404,t0012,bus094,0
1403,t0012,bus110,0
1402,t0012,bus091,0
1401,t0012,bus096,0
1399,t0012,bus106,0
1398,t0012,bus088,0
1397,t0012,bus082,0
1396,t0012,bus104,0
1395,t0012,bus105,0
1394,t0012,bus112,0
1393,t0012,bus111,0
1392,t0012,bus090,0
1391,t0012,bus089,0
1390,t0012,bus092,0
1389,t0012,bus100,0
1388,t0012,bus087,0
1386,t0012,bus068,0
1415,t0012,bus108,0
1356,t0012,bus055,0
1354,t0012,bus062,0
1323,t0012,bus024,0
1322,t0012,bus008,0
1321,t0012,bus117,0
1320,t0012,bus002,0
1319,t0012,bus115,0
1318,t0012,bus031,0
1317,t0012,bus029,0
1316,t0012,bus016,0
1315,t0012,bus019,0
1314,t0012,bus006,0
1313,t0012,bus013,0
1311,t0012,bus027,0
1324,t0012,bus072,0
1310,t0012,bus075,0
1308,t0012,bus001,0
1307,t0012,bus074,0
1306,t0012,bus018,0
1305,t0012,bus032,0
1304,t0012,bus113,0
1303,t0012,bus011,0
1302,t0012,bus015,0
1301,t0012,bus012,0
1300,t0012,bus025,0
1299,t0012,bus010,0
1298,t0012,bus026,0
1355,t0012,bus076,0
1309,t0012,bus070,0
1325,t0012,bus073,0
1312,t0012,bus003,0
1327,t0012,bus007,0
1353,t0012,bus036,0
1326,t0012,bus004,0
1352,t0012,bus056,0
1351,t0012,bus046,0
1350,t0012,bus078,0
1349,t0012,bus060,0
1348,t0012,bus061,0
1347,t0012,bus054,0
1345,t0012,bus059,0
1344,t0012,bus080,0
1343,t0012,bus099,0
1342,t0012,bus069,0
1341,t0012,bus066,0
1346,t0012,bus049,0
1339,t0012,bus071,0
1328,t0012,bus020,0
1340,t0012,bus065,0
1330,t0012,bus014,0
1331,t0012,bus021,0
1332,t0012,bus017,0
1333,t0012,bus022,0
1329,t0012,bus028,0
1335,t0012,bus023,0
1336,t0012,bus005,0
1337,t0012,bus009,0
1338,t0012,bus030,0
1334,t0012,bus114,0
1492,t0013,bus052,0
1493,t0013,bus040,0
1494,t0013,bus050,0
1495,t0013,bus051,0
1496,t0013,bus044,0
1499,t0013,bus058,0
1498,t0013,bus057,0
1500,t0013,bus037,0
1501,t0013,bus038,0
1502,t0013,bus063,0
1491,t0013,bus043,0
1497,t0013,bus097,0
1490,t0013,bus042,0
1477,t0013,bus034,0
1488,t0013,bus053,0
1487,t0013,bus033,0
1486,t0013,bus039,0
1485,t0013,bus067,0
1484,t0013,bus116,0
1483,t0013,bus118,0
1482,t0013,bus098,0
1481,t0013,bus047,0
1480,t0013,bus035,0
1479,t0013,bus041,0
1478,t0013,bus079,0
1503,t0013,bus064,0
1489,t0013,bus048,0
1504,t0013,bus068,0
1533,t0013,bus108,0
1506,t0013,bus087,0
1476,t0013,bus045,0
1532,t0013,bus102,0
1531,t0013,bus109,0
1530,t0013,bus084,0
1529,t0013,bus093,0
1528,t0013,bus103,0
1527,t0013,bus107,0
1526,t0013,bus085,0
1525,t0013,bus083,0
1524,t0013,bus086,0
1523,t0013,bus101,0
1522,t0013,bus094,0
1521,t0013,bus110,0
1520,t0013,bus091,0
1519,t0013,bus096,0
1518,t0013,bus095,0
1517,t0013,bus106,0
1516,t0013,bus088,0
1515,t0013,bus082,0
1514,t0013,bus104,0
1513,t0013,bus105,0
1512,t0013,bus112,0
1511,t0013,bus111,0
1510,t0013,bus090,0
1509,t0013,bus089,0
1508,t0013,bus092,0
1507,t0013,bus100,0
1505,t0013,bus081,0
1475,t0013,bus077,0
1444,t0013,bus004,0
1473,t0013,bus076,0
1441,t0013,bus024,0
1440,t0013,bus008,0
1439,t0013,bus117,0
1438,t0013,bus002,0
1437,t0013,bus115,0
1436,t0013,bus031,0
1435,t0013,bus029,0
1434,t0013,bus016,0
1433,t0013,bus019,0
1432,t0013,bus006,0
1431,t0013,bus013,0
1430,t0013,bus003,0
1442,t0013,bus072,0
1429,t0013,bus027,0
1427,t0013,bus070,0
1426,t0013,bus001,0
1425,t0013,bus074,0
1424,t0013,bus018,0
1423,t0013,bus032,0
1422,t0013,bus113,0
1421,t0013,bus011,0
1420,t0013,bus015,0
1419,t0013,bus012,0
1418,t0013,bus025,0
1417,t0013,bus010,0
1416,t0013,bus026,0
1428,t0013,bus075,0
1443,t0013,bus073,0
1474,t0013,bus055,0
1445,t0013,bus007,0
1471,t0013,bus036,0
1470,t0013,bus056,0
1469,t0013,bus046,0
1468,t0013,bus078,0
1467,t0013,bus060,0
1466,t0013,bus061,0
1465,t0013,bus054,0
1464,t0013,bus049,0
1463,t0013,bus059,0
1462,t0013,bus080,0
1461,t0013,bus099,0
1460,t0013,bus069,0
1459,t0013,bus066,0
1472,t0013,bus062,0
1457,t0013,bus071,0
1458,t0013,bus065,0
1446,t0013,bus020,0
1447,t0013,bus028,0
1448,t0013,bus014,0
1450,t0013,bus017,0
1449,t0013,bus021,0
1452,t0013,bus114,0
1453,t0013,bus023,0
1454,t0013,bus005,0
1455,t0013,bus009,0
1456,t0013,bus030,0
1451,t0013,bus022,0
1614,t0014,bus044,0
1611,t0014,bus040,0
1612,t0014,bus050,0
1613,t0014,bus051,0
1615,t0014,bus097,0
1621,t0014,bus064,0
1617,t0014,bus058,0
1618,t0014,bus037,0
1619,t0014,bus038,0
1620,t0014,bus063,0
1610,t0014,bus052,0
1616,t0014,bus057,0
1609,t0014,bus043,0
1602,t0014,bus116,0
1606,t0014,bus053,0
1605,t0014,bus033,0
1604,t0014,bus039,0
1603,t0014,bus067,0
1601,t0014,bus118,0
1600,t0014,bus098,0
1599,t0014,bus047,0
1598,t0014,bus035,0
1597,t0014,bus041,0
1596,t0014,bus079,0
1595,t0014,bus034,0
1622,t0014,bus068,0
1607,t0014,bus048,0
1623,t0014,bus081,0
1637,t0014,bus096,0
1625,t0014,bus100,0
1651,t0014,bus108,0
1650,t0014,bus102,0
1649,t0014,bus109,0
1648,t0014,bus084,0
1647,t0014,bus093,0
1646,t0014,bus103,0
1645,t0014,bus107,0
1644,t0014,bus085,0
1643,t0014,bus083,0
1642,t0014,bus086,0
1641,t0014,bus101,0
1640,t0014,bus094,0
1624,t0014,bus087,0
1639,t0014,bus110,0
1594,t0014,bus045,0
1636,t0014,bus095,0
1635,t0014,bus106,0
1634,t0014,bus088,0
1633,t0014,bus082,0
1632,t0014,bus104,0
1631,t0014,bus105,0
1630,t0014,bus112,0
1629,t0014,bus111,0
1628,t0014,bus090,0
1627,t0014,bus089,0
1626,t0014,bus092,0
1638,t0014,bus091,0
1593,t0014,bus077,0
1608,t0014,bus042,0
1591,t0014,bus076,0
1560,t0014,bus072,0
1559,t0014,bus024,0
1558,t0014,bus008,0
1557,t0014,bus117,0
1556,t0014,bus002,0
1555,t0014,bus115,0
1554,t0014,bus031,0
1553,t0014,bus029,0
1552,t0014,bus016,0
1551,t0014,bus019,0
1550,t0014,bus006,0
1549,t0014,bus013,0
1548,t0014,bus003,0
1547,t0014,bus027,0
1546,t0014,bus075,0
1545,t0014,bus070,0
1544,t0014,bus001,0
1543,t0014,bus074,0
1542,t0014,bus018,0
1541,t0014,bus032,0
1540,t0014,bus113,0
1539,t0014,bus011,0
1538,t0014,bus015,0
1537,t0014,bus012,0
1536,t0014,bus025,0
1535,t0014,bus010,0
1592,t0014,bus055,0
1561,t0014,bus073,0
1562,t0014,bus004,0
1534,t0014,bus026,0
1564,t0014,bus020,0
1563,t0014,bus007,0
1589,t0014,bus036,0
1588,t0014,bus056,0
1587,t0014,bus046,0
1586,t0014,bus078,0
1585,t0014,bus060,0
1584,t0014,bus061,0
1583,t0014,bus054,0
1582,t0014,bus049,0
1581,t0014,bus059,0
1580,t0014,bus080,0
1579,t0014,bus099,0
1578,t0014,bus069,0
1590,t0014,bus062,0
1569,t0014,bus022,0
1576,t0014,bus065,0
1575,t0014,bus071,0
1574,t0014,bus030,0
1573,t0014,bus009,0
1572,t0014,bus005,0
1571,t0014,bus023,0
1570,t0014,bus114,0
1577,t0014,bus066,0
1568,t0014,bus017,0
1567,t0014,bus021,0
1566,t0014,bus014,0
1565,t0014,bus028,0
1730,t0015,bus050,0
1713,t0015,bus034,0
1731,t0015,bus051,0
1729,t0015,bus040,0
1732,t0015,bus044,0
1738,t0015,bus063,0
1734,t0015,bus057,0
1735,t0015,bus058,0
1736,t0015,bus037,0
1737,t0015,bus038,0
1728,t0015,bus052,0
1733,t0015,bus097,0
1727,t0015,bus043,0
1721,t0015,bus067,0
1725,t0015,bus048,0
1724,t0015,bus053,0
1723,t0015,bus033,0
1722,t0015,bus039,0
1720,t0015,bus116,0
1719,t0015,bus118,0
1718,t0015,bus098,0
1717,t0015,bus047,0
1716,t0015,bus035,0
1715,t0015,bus041,0
1714,t0015,bus079,0
1739,t0015,bus064,0
1726,t0015,bus042,0
1740,t0015,bus068,0
1754,t0015,bus095,0
1742,t0015,bus087,0
1712,t0015,bus045,0
1769,t0015,bus108,0
1768,t0015,bus102,0
1767,t0015,bus109,0
1766,t0015,bus084,0
1765,t0015,bus093,0
1764,t0015,bus103,0
1763,t0015,bus107,0
1762,t0015,bus085,0
1761,t0015,bus083,0
1760,t0015,bus086,0
1759,t0015,bus101,0
1758,t0015,bus094,0
1757,t0015,bus110,0
1756,t0015,bus091,0
1755,t0015,bus096,0
1753,t0015,bus106,0
1752,t0015,bus088,0
1751,t0015,bus082,0
1750,t0015,bus104,0
1749,t0015,bus105,0
1748,t0015,bus112,0
1747,t0015,bus111,0
1746,t0015,bus090,0
1745,t0015,bus089,0
1744,t0015,bus092,0
1743,t0015,bus100,0
1741,t0015,bus081,0
1711,t0015,bus077,0
1666,t0015,bus003,0
1709,t0015,bus076,0
1678,t0015,bus072,0
1677,t0015,bus024,0
1676,t0015,bus008,0
1675,t0015,bus117,0
1674,t0015,bus002,0
1673,t0015,bus115,0
1672,t0015,bus031,0
1671,t0015,bus029,0
1670,t0015,bus016,0
1669,t0015,bus019,0
1668,t0015,bus006,0
1667,t0015,bus013,0
1679,t0015,bus073,0
1665,t0015,bus027,0
1663,t0015,bus070,0
1662,t0015,bus001,0
1661,t0015,bus074,0
1660,t0015,bus018,0
1659,t0015,bus032,0
1658,t0015,bus113,0
1657,t0015,bus011,0
1656,t0015,bus015,0
1655,t0015,bus012,0
1654,t0015,bus025,0
1653,t0015,bus010,0
1710,t0015,bus055,0
1664,t0015,bus075,0
1680,t0015,bus004,0
1652,t0015,bus026,0
1682,t0015,bus020,0
1681,t0015,bus007,0
1707,t0015,bus036,0
1706,t0015,bus056,0
1705,t0015,bus046,0
1704,t0015,bus078,0
1703,t0015,bus060,0
1702,t0015,bus061,0
1701,t0015,bus054,0
1700,t0015,bus049,0
1699,t0015,bus059,0
1698,t0015,bus080,0
1697,t0015,bus099,0
1696,t0015,bus069,0
1708,t0015,bus062,0
1687,t0015,bus022,0
1694,t0015,bus065,0
1693,t0015,bus071,0
1692,t0015,bus030,0
1691,t0015,bus009,0
1690,t0015,bus005,0
1689,t0015,bus023,0
1688,t0015,bus114,0
1695,t0015,bus066,0
1686,t0015,bus017,0
1685,t0015,bus021,0
1684,t0015,bus014,0
1683,t0015,bus028,0
1849,t0016,bus051,0
1831,t0016,bus034,0
1847,t0016,bus040,0
1848,t0016,bus050,0
1850,t0016,bus044,0
1857,t0016,bus064,0
1852,t0016,bus057,0
1853,t0016,bus058,0
1854,t0016,bus037,0
1855,t0016,bus038,0
1856,t0016,bus063,0
1851,t0016,bus097,0
1846,t0016,bus052,0
1839,t0016,bus067,0
1843,t0016,bus048,0
1842,t0016,bus053,0
1841,t0016,bus033,0
1840,t0016,bus039,0
1838,t0016,bus116,0
1837,t0016,bus118,0
1836,t0016,bus098,0
1835,t0016,bus047,0
1834,t0016,bus035,0
1833,t0016,bus041,0
1832,t0016,bus079,0
1858,t0016,bus068,0
1845,t0016,bus043,0
1859,t0016,bus081,0
1873,t0016,bus096,0
1861,t0016,bus100,0
1830,t0016,bus045,0
1887,t0016,bus108,0
1886,t0016,bus102,0
1885,t0016,bus109,0
1884,t0016,bus084,0
1883,t0016,bus093,0
1882,t0016,bus103,0
1881,t0016,bus107,0
1880,t0016,bus085,0
1879,t0016,bus083,0
1878,t0016,bus086,0
1877,t0016,bus101,0
1860,t0016,bus087,0
1876,t0016,bus094,0
1874,t0016,bus091,0
1872,t0016,bus095,0
1871,t0016,bus106,0
1870,t0016,bus088,0
1869,t0016,bus082,0
1868,t0016,bus104,0
1867,t0016,bus105,0
1866,t0016,bus112,0
1865,t0016,bus111,0
1864,t0016,bus090,0
1863,t0016,bus089,0
1862,t0016,bus092,0
1875,t0016,bus110,0
1828,t0016,bus055,0
1844,t0016,bus042,0
1829,t0016,bus077,0
1796,t0016,bus072,0
1795,t0016,bus024,0
1794,t0016,bus008,0
1793,t0016,bus117,0
1792,t0016,bus002,0
1791,t0016,bus115,0
1790,t0016,bus031,0
1789,t0016,bus029,0
1788,t0016,bus016,0
1787,t0016,bus019,0
1786,t0016,bus006,0
1785,t0016,bus013,0
1797,t0016,bus073,0
1784,t0016,bus003,0
1782,t0016,bus075,0
1781,t0016,bus070,0
1780,t0016,bus001,0
1779,t0016,bus074,0
1778,t0016,bus018,0
1777,t0016,bus032,0
1776,t0016,bus113,0
1775,t0016,bus011,0
1774,t0016,bus015,0
1773,t0016,bus012,0
1772,t0016,bus025,0
1771,t0016,bus010,0
1783,t0016,bus027,0
1798,t0016,bus004,0
1770,t0016,bus026,0
1800,t0016,bus020,0
1826,t0016,bus062,0
1825,t0016,bus036,0
1824,t0016,bus056,0
1823,t0016,bus046,0
1822,t0016,bus078,0
1821,t0016,bus060,0
1820,t0016,bus061,0
1799,t0016,bus007,0
1818,t0016,bus049,0
1817,t0016,bus059,0
1816,t0016,bus080,0
1815,t0016,bus099,0
1814,t0016,bus069,0
1819,t0016,bus054,0
1827,t0016,bus076,0
1813,t0016,bus066,0
1802,t0016,bus014,0
1803,t0016,bus021,0
1804,t0016,bus017,0
1805,t0016,bus022,0
1806,t0016,bus114,0
1801,t0016,bus028,0
1808,t0016,bus005,0
1809,t0016,bus009,0
1810,t0016,bus030,0
1811,t0016,bus071,0
1812,t0016,bus065,0
1807,t0016,bus023,0
1964,t0017,bus052,0
1965,t0017,bus040,0
1966,t0017,bus050,0
1967,t0017,bus051,0
1968,t0017,bus044,0
1971,t0017,bus058,0
1970,t0017,bus057,0
1972,t0017,bus037,0
1973,t0017,bus038,0
1974,t0017,bus063,0
1969,t0017,bus097,0
1963,t0017,bus043,0
1949,t0017,bus034,0
1961,t0017,bus048,0
1960,t0017,bus053,0
1959,t0017,bus033,0
1958,t0017,bus039,0
1957,t0017,bus067,0
1956,t0017,bus116,0
1955,t0017,bus118,0
1954,t0017,bus098,0
1953,t0017,bus047,0
1952,t0017,bus035,0
1951,t0017,bus041,0
1950,t0017,bus079,0
1975,t0017,bus064,0
1962,t0017,bus042,0
1976,t0017,bus068,0
1990,t0017,bus095,0
1978,t0017,bus087,0
1948,t0017,bus045,0
2004,t0017,bus102,0
2003,t0017,bus109,0
2002,t0017,bus084,0
2001,t0017,bus093,0
2000,t0017,bus103,0
1999,t0017,bus107,0
1998,t0017,bus085,0
1997,t0017,bus083,0
1996,t0017,bus086,0
1995,t0017,bus101,0
1994,t0017,bus094,0
1977,t0017,bus081,0
1993,t0017,bus110,0
1991,t0017,bus096,0
1989,t0017,bus106,0
1988,t0017,bus088,0
1987,t0017,bus082,0
1986,t0017,bus104,0
1985,t0017,bus105,0
1984,t0017,bus112,0
1983,t0017,bus111,0
1982,t0017,bus090,0
1981,t0017,bus089,0
1980,t0017,bus092,0
1979,t0017,bus100,0
1992,t0017,bus091,0
1947,t0017,bus077,0
2005,t0017,bus108,0
1945,t0017,bus076,0
1913,t0017,bus024,0
1912,t0017,bus008,0
1911,t0017,bus117,0
1910,t0017,bus002,0
1909,t0017,bus115,0
1908,t0017,bus031,0
1907,t0017,bus029,0
1906,t0017,bus016,0
1905,t0017,bus019,0
1904,t0017,bus006,0
1903,t0017,bus013,0
1902,t0017,bus003,0
1914,t0017,bus072,0
1901,t0017,bus027,0
1899,t0017,bus070,0
1898,t0017,bus001,0
1897,t0017,bus074,0
1896,t0017,bus018,0
1895,t0017,bus032,0
1894,t0017,bus113,0
1893,t0017,bus011,0
1892,t0017,bus015,0
1891,t0017,bus012,0
1890,t0017,bus025,0
1889,t0017,bus010,0
1888,t0017,bus026,0
1900,t0017,bus075,0
1915,t0017,bus073,0
1946,t0017,bus055,0
1917,t0017,bus007,0
1944,t0017,bus062,0
1943,t0017,bus036,0
1942,t0017,bus056,0
1941,t0017,bus046,0
1940,t0017,bus078,0
1939,t0017,bus060,0
1938,t0017,bus061,0
1916,t0017,bus004,0
1936,t0017,bus049,0
1935,t0017,bus059,0
1934,t0017,bus080,0
1933,t0017,bus099,0
1932,t0017,bus069,0
1937,t0017,bus054,0
1930,t0017,bus065,0
1931,t0017,bus066,0
1919,t0017,bus028,0
1920,t0017,bus014,0
1921,t0017,bus021,0
1922,t0017,bus017,0
1923,t0017,bus022,0
1918,t0017,bus020,0
1925,t0017,bus023,0
1926,t0017,bus005,0
1927,t0017,bus009,0
1928,t0017,bus030,0
1929,t0017,bus071,0
1924,t0017,bus114,0
2081,t0018,bus043,0
2082,t0018,bus052,0
2083,t0018,bus040,0
2084,t0018,bus050,0
2085,t0018,bus051,0
2088,t0018,bus057,0
2087,t0018,bus097,0
2089,t0018,bus058,0
2090,t0018,bus037,0
2091,t0018,bus038,0
2086,t0018,bus044,0
2080,t0018,bus042,0
2066,t0018,bus045,0
2078,t0018,bus053,0
2077,t0018,bus033,0
2076,t0018,bus039,0
2075,t0018,bus067,0
2074,t0018,bus116,0
2073,t0018,bus118,0
2072,t0018,bus098,0
2071,t0018,bus047,0
2070,t0018,bus035,0
2069,t0018,bus041,0
2068,t0018,bus079,0
2067,t0018,bus034,0
2092,t0018,bus063,0
2079,t0018,bus048,0
2093,t0018,bus064,0
2108,t0018,bus095,0
2095,t0018,bus081,0
2065,t0018,bus077,0
2122,t0018,bus102,0
2121,t0018,bus109,0
2120,t0018,bus084,0
2119,t0018,bus093,0
2118,t0018,bus103,0
2117,t0018,bus107,0
2116,t0018,bus085,0
2115,t0018,bus083,0
2114,t0018,bus086,0
2113,t0018,bus101,0
2112,t0018,bus094,0
2111,t0018,bus110,0
2110,t0018,bus091,0
2109,t0018,bus096,0
2107,t0018,bus106,0
2106,t0018,bus088,0
2105,t0018,bus082,0
2104,t0018,bus104,0
2103,t0018,bus105,0
2102,t0018,bus112,0
2101,t0018,bus111,0
2100,t0018,bus090,0
2099,t0018,bus089,0
2098,t0018,bus092,0
2097,t0018,bus100,0
2096,t0018,bus087,0
2094,t0018,bus068,0
2123,t0018,bus108,0
2064,t0018,bus055,0
2062,t0018,bus062,0
2031,t0018,bus024,0
2030,t0018,bus008,0
2029,t0018,bus117,0
2028,t0018,bus002,0
2027,t0018,bus115,0
2026,t0018,bus031,0
2025,t0018,bus029,0
2024,t0018,bus016,0
2023,t0018,bus019,0
2022,t0018,bus006,0
2021,t0018,bus013,0
2019,t0018,bus027,0
2032,t0018,bus072,0
2018,t0018,bus075,0
2016,t0018,bus001,0
2015,t0018,bus074,0
2014,t0018,bus018,0
2013,t0018,bus032,0
2012,t0018,bus113,0
2011,t0018,bus011,0
2010,t0018,bus015,0
2009,t0018,bus012,0
2008,t0018,bus025,0
2007,t0018,bus010,0
2006,t0018,bus026,0
2063,t0018,bus076,0
2017,t0018,bus070,0
2033,t0018,bus073,0
2020,t0018,bus003,0
2035,t0018,bus007,0
2061,t0018,bus036,0
2034,t0018,bus004,0
2060,t0018,bus056,0
2059,t0018,bus046,0
2058,t0018,bus078,0
2057,t0018,bus060,0
2056,t0018,bus061,0
2055,t0018,bus054,0
2053,t0018,bus059,0
2052,t0018,bus080,0
2051,t0018,bus099,0
2050,t0018,bus069,0
2049,t0018,bus066,0
2054,t0018,bus049,0
2047,t0018,bus071,0
2036,t0018,bus020,0
2048,t0018,bus065,0
2038,t0018,bus014,0
2039,t0018,bus021,0
2040,t0018,bus017,0
2041,t0018,bus022,0
2037,t0018,bus028,0
2043,t0018,bus023,0
2044,t0018,bus005,0
2045,t0018,bus009,0
2046,t0018,bus030,0
2042,t0018,bus114,0
2199,t0019,bus043,0
2200,t0019,bus052,0
2201,t0019,bus040,0
2202,t0019,bus050,0
2203,t0019,bus051,0
2206,t0019,bus057,0
2205,t0019,bus097,0
2207,t0019,bus058,0
2208,t0019,bus037,0
2209,t0019,bus038,0
2198,t0019,bus042,0
2204,t0019,bus044,0
2197,t0019,bus048,0
2184,t0019,bus045,0
2195,t0019,bus033,0
2194,t0019,bus039,0
2193,t0019,bus067,0
2192,t0019,bus116,0
2191,t0019,bus118,0
2190,t0019,bus098,0
2189,t0019,bus047,0
2188,t0019,bus035,0
2187,t0019,bus041,0
2186,t0019,bus079,0
2185,t0019,bus034,0
2210,t0019,bus063,0
2196,t0019,bus053,0
2211,t0019,bus064,0
2240,t0019,bus102,0
2213,t0019,bus081,0
2241,t0019,bus108,0
2239,t0019,bus109,0
2238,t0019,bus084,0
2237,t0019,bus093,0
2236,t0019,bus103,0
2235,t0019,bus107,0
2234,t0019,bus085,0
2233,t0019,bus083,0
2232,t0019,bus086,0
2231,t0019,bus101,0
2230,t0019,bus094,0
2229,t0019,bus110,0
2228,t0019,bus091,0
2227,t0019,bus096,0
2226,t0019,bus095,0
2225,t0019,bus106,0
2224,t0019,bus088,0
2223,t0019,bus082,0
2222,t0019,bus104,0
2221,t0019,bus105,0
2220,t0019,bus112,0
2219,t0019,bus111,0
2218,t0019,bus090,0
2217,t0019,bus089,0
2216,t0019,bus092,0
2215,t0019,bus100,0
2214,t0019,bus087,0
2212,t0019,bus068,0
2183,t0019,bus077,0
2182,t0019,bus055,0
2180,t0019,bus062,0
2149,t0019,bus024,0
2148,t0019,bus008,0
2147,t0019,bus117,0
2146,t0019,bus002,0
2145,t0019,bus115,0
2144,t0019,bus031,0
2143,t0019,bus029,0
2142,t0019,bus016,0
2141,t0019,bus019,0
2140,t0019,bus006,0
2139,t0019,bus013,0
2138,t0019,bus003,0
2150,t0019,bus072,0
2137,t0019,bus027,0
2135,t0019,bus070,0
2134,t0019,bus001,0
2133,t0019,bus074,0
2132,t0019,bus018,0
2131,t0019,bus032,0
2130,t0019,bus113,0
2129,t0019,bus011,0
2128,t0019,bus015,0
2127,t0019,bus012,0
2126,t0019,bus025,0
2125,t0019,bus010,0
2124,t0019,bus026,0
2136,t0019,bus075,0
2151,t0019,bus073,0
2181,t0019,bus076,0
2153,t0019,bus007,0
2179,t0019,bus036,0
2178,t0019,bus056,0
2177,t0019,bus046,0
2176,t0019,bus078,0
2175,t0019,bus060,0
2174,t0019,bus061,0
2173,t0019,bus054,0
2172,t0019,bus049,0
2171,t0019,bus059,0
2170,t0019,bus080,0
2169,t0019,bus099,0
2168,t0019,bus069,0
2167,t0019,bus066,0
2152,t0019,bus004,0
2165,t0019,bus071,0
2166,t0019,bus065,0
2154,t0019,bus020,0
2155,t0019,bus028,0
2156,t0019,bus014,0
2158,t0019,bus017,0
2157,t0019,bus021,0
2160,t0019,bus114,0
2161,t0019,bus023,0
2162,t0019,bus005,0
2163,t0019,bus009,0
2164,t0019,bus030,0
2159,t0019,bus022,0
2322,t0020,bus044,0
2319,t0020,bus040,0
2320,t0020,bus050,0
2321,t0020,bus051,0
2323,t0020,bus097,0
2329,t0020,bus064,0
2325,t0020,bus058,0
2326,t0020,bus037,0
2327,t0020,bus038,0
2328,t0020,bus063,0
2318,t0020,bus052,0
2324,t0020,bus057,0
2317,t0020,bus043,0
2310,t0020,bus116,0
2314,t0020,bus053,0
2313,t0020,bus033,0
2312,t0020,bus039,0
2311,t0020,bus067,0
2309,t0020,bus118,0
2308,t0020,bus098,0
2307,t0020,bus047,0
2306,t0020,bus035,0
2305,t0020,bus041,0
2304,t0020,bus079,0
2303,t0020,bus034,0
2330,t0020,bus068,0
2315,t0020,bus048,0
2331,t0020,bus081,0
2345,t0020,bus096,0
2333,t0020,bus100,0
2359,t0020,bus108,0
2358,t0020,bus102,0
2357,t0020,bus109,0
2356,t0020,bus084,0
2355,t0020,bus093,0
2354,t0020,bus103,0
2353,t0020,bus107,0
2352,t0020,bus085,0
2351,t0020,bus083,0
2350,t0020,bus086,0
2349,t0020,bus101,0
2348,t0020,bus094,0
2332,t0020,bus087,0
2347,t0020,bus110,0
2302,t0020,bus045,0
2344,t0020,bus095,0
2343,t0020,bus106,0
2342,t0020,bus088,0
2341,t0020,bus082,0
2340,t0020,bus104,0
2339,t0020,bus105,0
2338,t0020,bus112,0
2337,t0020,bus111,0
2336,t0020,bus090,0
2335,t0020,bus089,0
2334,t0020,bus092,0
2346,t0020,bus091,0
2301,t0020,bus077,0
2316,t0020,bus042,0
2299,t0020,bus076,0
2268,t0020,bus072,0
2267,t0020,bus024,0
2266,t0020,bus008,0
2265,t0020,bus117,0
2264,t0020,bus002,0
2263,t0020,bus115,0
2262,t0020,bus031,0
2261,t0020,bus029,0
2260,t0020,bus016,0
2259,t0020,bus019,0
2258,t0020,bus006,0
2257,t0020,bus013,0
2256,t0020,bus003,0
2255,t0020,bus027,0
2254,t0020,bus075,0
2253,t0020,bus070,0
2252,t0020,bus001,0
2251,t0020,bus074,0
2250,t0020,bus018,0
2249,t0020,bus032,0
2248,t0020,bus113,0
2247,t0020,bus011,0
2246,t0020,bus015,0
2245,t0020,bus012,0
2244,t0020,bus025,0
2243,t0020,bus010,0
2300,t0020,bus055,0
2269,t0020,bus073,0
2270,t0020,bus004,0
2242,t0020,bus026,0
2272,t0020,bus020,0
2271,t0020,bus007,0
2297,t0020,bus036,0
2296,t0020,bus056,0
2295,t0020,bus046,0
2294,t0020,bus078,0
2293,t0020,bus060,0
2292,t0020,bus061,0
2291,t0020,bus054,0
2290,t0020,bus049,0
2289,t0020,bus059,0
2288,t0020,bus080,0
2287,t0020,bus099,0
2286,t0020,bus069,0
2298,t0020,bus062,0
2277,t0020,bus022,0
2284,t0020,bus065,0
2283,t0020,bus071,0
2282,t0020,bus030,0
2281,t0020,bus009,0
2280,t0020,bus005,0
2279,t0020,bus023,0
2278,t0020,bus114,0
2285,t0020,bus066,0
2276,t0020,bus017,0
2275,t0020,bus021,0
2274,t0020,bus014,0
2273,t0020,bus028,0
2438,t0021,bus050,0
2421,t0021,bus034,0
2439,t0021,bus051,0
2437,t0021,bus040,0
2440,t0021,bus044,0
2446,t0021,bus063,0
2442,t0021,bus057,0
2443,t0021,bus058,0
2444,t0021,bus037,0
2445,t0021,bus038,0
2436,t0021,bus052,0
2441,t0021,bus097,0
2435,t0021,bus043,0
2429,t0021,bus067,0
2433,t0021,bus048,0
2432,t0021,bus053,0
2431,t0021,bus033,0
2430,t0021,bus039,0
2428,t0021,bus116,0
2427,t0021,bus118,0
2426,t0021,bus098,0
2425,t0021,bus047,0
2424,t0021,bus035,0
2423,t0021,bus041,0
2422,t0021,bus079,0
2447,t0021,bus064,0
2434,t0021,bus042,0
2448,t0021,bus068,0
2477,t0021,bus108,0
2450,t0021,bus087,0
2420,t0021,bus045,0
2476,t0021,bus102,0
2475,t0021,bus109,0
2474,t0021,bus084,0
2473,t0021,bus093,0
2472,t0021,bus103,0
2471,t0021,bus107,0
2470,t0021,bus085,0
2469,t0021,bus083,0
2468,t0021,bus086,0
2467,t0021,bus101,0
2466,t0021,bus094,0
2465,t0021,bus110,0
2464,t0021,bus091,0
2463,t0021,bus096,0
2462,t0021,bus095,0
2461,t0021,bus106,0
2460,t0021,bus088,0
2459,t0021,bus082,0
2458,t0021,bus104,0
2457,t0021,bus105,0
2456,t0021,bus112,0
2455,t0021,bus111,0
2454,t0021,bus090,0
2453,t0021,bus089,0
2452,t0021,bus092,0
2451,t0021,bus100,0
2449,t0021,bus081,0
2419,t0021,bus077,0
2375,t0021,bus013,0
2417,t0021,bus076,0
2386,t0021,bus072,0
2385,t0021,bus024,0
2384,t0021,bus008,0
2383,t0021,bus117,0
2382,t0021,bus002,0
2381,t0021,bus115,0
2380,t0021,bus031,0
2379,t0021,bus029,0
2378,t0021,bus016,0
2377,t0021,bus019,0
2376,t0021,bus006,0
2374,t0021,bus003,0
2387,t0021,bus073,0
2373,t0021,bus027,0
2371,t0021,bus070,0
2370,t0021,bus001,0
2369,t0021,bus074,0
2368,t0021,bus018,0
2367,t0021,bus032,0
2366,t0021,bus113,0
2365,t0021,bus011,0
2364,t0021,bus015,0
2363,t0021,bus012,0
2362,t0021,bus025,0
2361,t0021,bus010,0
2418,t0021,bus055,0
2372,t0021,bus075,0
2388,t0021,bus004,0
2360,t0021,bus026,0
2390,t0021,bus020,0
2389,t0021,bus007,0
2416,t0021,bus062,0
2415,t0021,bus036,0
2414,t0021,bus056,0
2413,t0021,bus046,0
2412,t0021,bus078,0
2411,t0021,bus060,0
2410,t0021,bus061,0
2408,t0021,bus049,0
2407,t0021,bus059,0
2406,t0021,bus080,0
2405,t0021,bus099,0
2404,t0021,bus069,0
2409,t0021,bus054,0
2402,t0021,bus065,0
2392,t0021,bus014,0
2403,t0021,bus066,0
2393,t0021,bus021,0
2394,t0021,bus017,0
2396,t0021,bus114,0
2395,t0021,bus022,0
2398,t0021,bus005,0
2391,t0021,bus028,0
2399,t0021,bus009,0
2400,t0021,bus030,0
2401,t0021,bus071,0
2397,t0021,bus023,0
2556,t0022,bus050,0
2554,t0022,bus052,0
2555,t0022,bus040,0
2557,t0022,bus051,0
2562,t0022,bus037,0
2559,t0022,bus097,0
2560,t0022,bus057,0
2561,t0022,bus058,0
2563,t0022,bus038,0
2553,t0022,bus043,0
2558,t0022,bus044,0
2552,t0022,bus042,0
2539,t0022,bus034,0
2550,t0022,bus053,0
2549,t0022,bus033,0
2548,t0022,bus039,0
2547,t0022,bus067,0
2546,t0022,bus116,0
2545,t0022,bus118,0
2544,t0022,bus098,0
2543,t0022,bus047,0
2542,t0022,bus035,0
2541,t0022,bus041,0
2540,t0022,bus079,0
2564,t0022,bus063,0
2538,t0022,bus045,0
2551,t0022,bus048,0
2565,t0022,bus064,0
2579,t0022,bus106,0
2567,t0022,bus081,0
2537,t0022,bus077,0
2595,t0022,bus108,0
2593,t0022,bus109,0
2592,t0022,bus084,0
2591,t0022,bus093,0
2590,t0022,bus103,0
2589,t0022,bus107,0
2588,t0022,bus085,0
2587,t0022,bus083,0
2586,t0022,bus086,0
2585,t0022,bus101,0
2584,t0022,bus094,0
2583,t0022,bus110,0
2582,t0022,bus091,0
2581,t0022,bus096,0
2580,t0022,bus095,0
2578,t0022,bus088,0
2577,t0022,bus082,0
2576,t0022,bus104,0
2575,t0022,bus105,0
2574,t0022,bus112,0
2573,t0022,bus111,0
2572,t0022,bus090,0
2571,t0022,bus089,0
2570,t0022,bus092,0
2569,t0022,bus100,0
2568,t0022,bus087,0
2566,t0022,bus068,0
2594,t0022,bus102,0
2536,t0022,bus055,0
2534,t0022,bus062,0
2503,t0022,bus024,0
2502,t0022,bus008,0
2501,t0022,bus117,0
2500,t0022,bus002,0
2499,t0022,bus115,0
2498,t0022,bus031,0
2497,t0022,bus029,0
2496,t0022,bus016,0
2495,t0022,bus019,0
2494,t0022,bus006,0
2493,t0022,bus013,0
2492,t0022,bus003,0
2504,t0022,bus072,0
2491,t0022,bus027,0
2489,t0022,bus070,0
2488,t0022,bus001,0
2487,t0022,bus074,0
2486,t0022,bus018,0
2485,t0022,bus032,0
2484,t0022,bus113,0
2483,t0022,bus011,0
2482,t0022,bus015,0
2481,t0022,bus012,0
2480,t0022,bus025,0
2479,t0022,bus010,0
2478,t0022,bus026,0
2490,t0022,bus075,0
2505,t0022,bus073,0
2535,t0022,bus076,0
2507,t0022,bus007,0
2533,t0022,bus036,0
2532,t0022,bus056,0
2531,t0022,bus046,0
2530,t0022,bus078,0
2529,t0022,bus060,0
2528,t0022,bus061,0
2527,t0022,bus054,0
2506,t0022,bus004,0
2525,t0022,bus059,0
2524,t0022,bus080,0
2523,t0022,bus099,0
2522,t0022,bus069,0
2521,t0022,bus066,0
2526,t0022,bus049,0
2519,t0022,bus071,0
2520,t0022,bus065,0
2508,t0022,bus020,0
2509,t0022,bus028,0
2510,t0022,bus014,0
2512,t0022,bus017,0
2511,t0022,bus021,0
2514,t0022,bus114,0
2515,t0022,bus023,0
2516,t0022,bus005,0
2517,t0022,bus009,0
2518,t0022,bus030,0
2513,t0022,bus022,0
2675,t0023,bus051,0
2672,t0023,bus052,0
2673,t0023,bus040,0
2674,t0023,bus050,0
2676,t0023,bus044,0
2682,t0023,bus063,0
2678,t0023,bus057,0
2679,t0023,bus058,0
2680,t0023,bus037,0
2681,t0023,bus038,0
2677,t0023,bus097,0
2671,t0023,bus043,0
2657,t0023,bus034,0
2669,t0023,bus048,0
2668,t0023,bus053,0
2667,t0023,bus033,0
2666,t0023,bus039,0
2665,t0023,bus067,0
2664,t0023,bus116,0
2663,t0023,bus118,0
2662,t0023,bus098,0
2661,t0023,bus047,0
2660,t0023,bus035,0
2659,t0023,bus041,0
2658,t0023,bus079,0
2683,t0023,bus064,0
2670,t0023,bus042,0
2684,t0023,bus068,0
2698,t0023,bus095,0
2686,t0023,bus087,0
2656,t0023,bus045,0
2712,t0023,bus102,0
2711,t0023,bus109,0
2710,t0023,bus084,0
2709,t0023,bus093,0
2708,t0023,bus103,0
2707,t0023,bus107,0
2706,t0023,bus085,0
2705,t0023,bus083,0
2704,t0023,bus086,0
2703,t0023,bus101,0
2702,t0023,bus094,0
2685,t0023,bus081,0
2701,t0023,bus110,0
2699,t0023,bus096,0
2697,t0023,bus106,0
2696,t0023,bus088,0
2695,t0023,bus082,0
2694,t0023,bus104,0
2693,t0023,bus105,0
2692,t0023,bus112,0
2691,t0023,bus111,0
2690,t0023,bus090,0
2689,t0023,bus089,0
2688,t0023,bus092,0
2687,t0023,bus100,0
2700,t0023,bus091,0
2655,t0023,bus077,0
2713,t0023,bus108,0
2653,t0023,bus076,0
2621,t0023,bus024,0
2620,t0023,bus008,0
2619,t0023,bus117,0
2618,t0023,bus002,0
2617,t0023,bus115,0
2616,t0023,bus031,0
2615,t0023,bus029,0
2614,t0023,bus016,0
2613,t0023,bus019,0
2612,t0023,bus006,0
2611,t0023,bus013,0
2610,t0023,bus003,0
2622,t0023,bus072,0
2609,t0023,bus027,0
2607,t0023,bus070,0
2606,t0023,bus001,0
2605,t0023,bus074,0
2604,t0023,bus018,0
2603,t0023,bus032,0
2602,t0023,bus113,0
2601,t0023,bus011,0
2600,t0023,bus015,0
2599,t0023,bus012,0
2598,t0023,bus025,0
2597,t0023,bus010,0
2596,t0023,bus026,0
2608,t0023,bus075,0
2623,t0023,bus073,0
2654,t0023,bus055,0
2625,t0023,bus007,0
2652,t0023,bus062,0
2651,t0023,bus036,0
2650,t0023,bus056,0
2649,t0023,bus046,0
2648,t0023,bus078,0
2647,t0023,bus060,0
2646,t0023,bus061,0
2624,t0023,bus004,0
2644,t0023,bus049,0
2643,t0023,bus059,0
2642,t0023,bus080,0
2641,t0023,bus099,0
2640,t0023,bus069,0
2645,t0023,bus054,0
2638,t0023,bus065,0
2639,t0023,bus066,0
2627,t0023,bus028,0
2628,t0023,bus014,0
2629,t0023,bus021,0
2630,t0023,bus017,0
2631,t0023,bus022,0
2626,t0023,bus020,0
2633,t0023,bus023,0
2634,t0023,bus005,0
2635,t0023,bus009,0
2636,t0023,bus030,0
2637,t0023,bus071,0
2632,t0023,bus114,0
2789,t0024,bus043,0
2790,t0024,bus052,0
2791,t0024,bus040,0
2792,t0024,bus050,0
2793,t0024,bus051,0
2796,t0024,bus057,0
2795,t0024,bus097,0
2797,t0024,bus058,0
2798,t0024,bus037,0
2799,t0024,bus038,0
2794,t0024,bus044,0
2788,t0024,bus042,0
2774,t0024,bus045,0
2786,t0024,bus053,0
2785,t0024,bus033,0
2784,t0024,bus039,0
2783,t0024,bus067,0
2782,t0024,bus116,0
2781,t0024,bus118,0
2780,t0024,bus098,0
2779,t0024,bus047,0
2778,t0024,bus035,0
2777,t0024,bus041,0
2776,t0024,bus079,0
2775,t0024,bus034,0
2800,t0024,bus063,0
2787,t0024,bus048,0
2801,t0024,bus064,0
2816,t0024,bus095,0
2803,t0024,bus081,0
2773,t0024,bus077,0
2830,t0024,bus102,0
2829,t0024,bus109,0
2828,t0024,bus084,0
2827,t0024,bus093,0
2826,t0024,bus103,0
2825,t0024,bus107,0
2824,t0024,bus085,0
2823,t0024,bus083,0
2822,t0024,bus086,0
2821,t0024,bus101,0
2820,t0024,bus094,0
2819,t0024,bus110,0
2818,t0024,bus091,0
2817,t0024,bus096,0
2815,t0024,bus106,0
2814,t0024,bus088,0
2813,t0024,bus082,0
2812,t0024,bus104,0
2811,t0024,bus105,0
2810,t0024,bus112,0
2809,t0024,bus111,0
2808,t0024,bus090,0
2807,t0024,bus089,0
2806,t0024,bus092,0
2805,t0024,bus100,0
2804,t0024,bus087,0
2802,t0024,bus068,0
2831,t0024,bus108,0
2772,t0024,bus055,0
2770,t0024,bus062,0
2739,t0024,bus024,0
2738,t0024,bus008,0
2737,t0024,bus117,0
2736,t0024,bus002,0
2735,t0024,bus115,0
2734,t0024,bus031,0
2733,t0024,bus029,0
2732,t0024,bus016,0
2731,t0024,bus019,0
2730,t0024,bus006,0
2729,t0024,bus013,0
2727,t0024,bus027,0
2740,t0024,bus072,0
2726,t0024,bus075,0
2724,t0024,bus001,0
2723,t0024,bus074,0
2722,t0024,bus018,0
2721,t0024,bus032,0
2720,t0024,bus113,0
2719,t0024,bus011,0
2718,t0024,bus015,0
2717,t0024,bus012,0
2716,t0024,bus025,0
2715,t0024,bus010,0
2714,t0024,bus026,0
2771,t0024,bus076,0
2725,t0024,bus070,0
2741,t0024,bus073,0
2728,t0024,bus003,0
2743,t0024,bus007,0
2742,t0024,bus004,0
2768,t0024,bus056,0
2767,t0024,bus046,0
2766,t0024,bus078,0
2765,t0024,bus060,0
2764,t0024,bus061,0
2763,t0024,bus054,0
2762,t0024,bus049,0
2761,t0024,bus059,0
2760,t0024,bus080,0
2759,t0024,bus099,0
2758,t0024,bus069,0
2757,t0024,bus066,0
2769,t0024,bus036,0
2755,t0024,bus071,0
2756,t0024,bus065,0
2745,t0024,bus028,0
2746,t0024,bus014,0
2747,t0024,bus021,0
2748,t0024,bus017,0
2749,t0024,bus022,0
2744,t0024,bus020,0
2751,t0024,bus023,0
2752,t0024,bus005,0
2753,t0024,bus009,0
2754,t0024,bus030,0
2750,t0024,bus114,0
